source_id,priority_tier,batch_id,candidate_url,access_type,download_status,attempt_count,local_path,sha256,parse_status,fulltext_relevance_status,failure_reason,queue_priority
P003_Pan_2025_FeMo_MgO_Methane_CNT,A,A_01,,local_existing,local_existing,0,data/raw/papers/d4cp04231j.pdf,064eb3de44b04aaea9de96d60dce730c545b28150888824c4407c32de384bb62,success,candidate_extract,,1
P005_Saconsint_2023_NiMo_Carbide_Biogas_CNT,A,A_01,,local_existing,local_existing,0,data/raw/papers/s41598-023-38436-8.pdf,24784de4ec30ba595906818cf304c7c9f9c0cf2412bc6365a7c280738d7ddc92,success,candidate_extract,,2
P006_Saetang_2024_NiMo_MgO_Biogas_CNT,A,A_01,,local_existing,local_existing,0,data/raw/papers/s41598-024-66938-6.pdf,2ded82b09377b14fc6a464fd35b4eaa666d98ca2610ac9a0fbd7229e6e2742f2,success,candidate_extract,,3
P002_Chotmunkhongsin_2023_FeMo_MgO_H2_MWCNT,A,A_01,,local_existing,local_existing,0,data/raw/papers/s41598-023-48456-z.pdf,4eb86a0991b916e259a6e7e7b00d7575e61274c5a2a6b40da91fe25f859d34fe,success,candidate_extract,,4
P004_Saconsint_2022_Multimetal_MgO_Biogas_CNT,A,A_01,,local_existing,local_existing,0,data/raw/papers/s41598-022-19638-y.pdf,b8c91dc2e5d2145553bd05cb14326cd493a2fad57daa86110864f4c2c529943c,success,candidate_extract,,5
LIT_2C6CFB8A985F3106,A,A_01,https://doi.org/10.1016/j.rinp.2017.10.001,legal_oa,blocked,2,,,skipped,needs_fulltext_review,http_403,7
LIT_3D8F9EFA937173D0,A,A_01,https://doi.org/10.1016/j.jscs.2016.05.001,legal_oa,validated,3,data/raw/fulltext/pdf/LIT_3D8F9EFA937173D0_980d716919cc.pdf,980d716919cc110c8dcdd7bba8df4469b41917949e7eaa38e20fee2b0b98ba54,success,candidate_extract,,8
LIT_57A5BA30642FEA0F,A,A_01,https://www.frontiersin.org/articles/10.3389/fenrg.2018.00137/pdf,legal_oa,validated,1,data/raw/fulltext/pdf/LIT_57A5BA30642FEA0F_952c6da22d57.pdf,952c6da22d578ae0c3851d8cbc55baa14abb64ee54aeefd6beb0a304518b1df0,success,insufficient_experimental_evidence,,9
LIT_2CF0B62FD0879B1A,A,A_01,https://hull-repository.worktribe.com/output/549988,legal_oa,paywalled,2,,,skipped,needs_fulltext_review,html_landing_page_not_fulltext,10
LIT_1C53CDD04C7F51D9,A,A_01,http://ir.ipe.ac.cn/handle/122111/3506,legal_oa,paywalled,2,,,skipped,needs_fulltext_review,html_landing_page_not_fulltext,11
LIT_39F3A33F8EF32BBD,A,A_01,https://downloads.hindawi.com/journals/jnt/2014/547030.pdf,legal_oa,blocked,2,,,skipped,needs_fulltext_review,http_403,12
LIT_AB19A8D536DD7DF2,A,A_01,https://ars.els-cdn.com/content/image/1-s2.0-S156673672300105X-ga1_lrg.jpg,legal_oa,validated,2,data/raw/fulltext/pdf/LIT_AB19A8D536DD7DF2_569e5348c49a.pdf,569e5348c49a65d69e7b65444c05a95a14a691a6acb845c6416153d7f95aff0d,success,insufficient_experimental_evidence,,13
LIT_849AD7FB325763D1,A,A_01,https://nanoscalereslett.springeropen.com/counter/pdf/10.1186/1556-276X-7-102,legal_oa,validated,1,data/raw/fulltext/pdf/LIT_849AD7FB325763D1_2016a474a858.pdf,2016a474a858c54a2e2aa3c5296b151dbf14318dea1a258abf889ec398451650,success,candidate_extract,,14
LIT_1D29A53AB15BB0B9,A,A_01,https://research-information.bris.ac.uk/files/218671000/Manuscript_CI_Lin.et.al.2019_Optimization_of_CNTs.pdf,legal_oa,paywalled,2,,,skipped,needs_fulltext_review,html_landing_page_not_fulltext,15
LIT_3D2FAA624663FA97,A,A_01,http://www.doiserbia.nb.rs/ft.aspx?id=1451-93720904263R,legal_oa,validated,3,data/raw/fulltext/pdf/LIT_3D2FAA624663FA97_1e9b942be324.pdf,1e9b942be3244ad6e3c12d4c1a49d31ad87db274ed36e0eb598f1950c7be3cd4,success,candidate_extract,,16
LIT_63D8BEBA898137D6,A,A_01,http://ir.ipe.ac.cn/handle/122111/2731,legal_oa,paywalled,1,,,skipped,needs_fulltext_review,html_landing_page_not_fulltext,17
LIT_401BD476DB8344E9,A,A_01,https://www.mdpi.com/2305-7084/6/4/47/pdf?version=1656305939,legal_oa,validated,2,data/raw/fulltext/pdf/LIT_401BD476DB8344E9_c5509cc9f27c.pdf,c5509cc9f27cc3c9d42deedfa81f2156c960a3fe6da1e0ed71a1a1d8b247ab40,success,candidate_extract,,18
LIT_A2A3774653FE8DDC,A,A_01,https://downloads.hindawi.com/archive/2011/684748.pdf,legal_oa,blocked,1,,,skipped,needs_fulltext_review,http_403,19
LIT_B6DA758AB9D1C00B,A,A_01,https://www.oatext.com/pdf/FNN-3-156.pdf,legal_oa,validated,1,data/raw/fulltext/pdf/LIT_B6DA758AB9D1C00B_faf738762392.pdf,faf73876239254b777d6e910f6d1fd1ecc745f30e6dfa865e4cea900584ae770,success,insufficient_experimental_evidence,,20
LIT_70D04C497CE224FD,A,A_01,https://iopscience.iop.org/article/10.1088/2053-1591/ac327b/pdf,legal_oa,paywalled,1,,,skipped,needs_fulltext_review,html_landing_page_not_fulltext,21
LIT_A590E23A531DD9BE,A,A_01,http://hdl.handle.net/10539/8170,legal_oa,validated,1,data/raw/fulltext/pdf/LIT_A590E23A531DD9BE_68c0bb0c6778.pdf,68c0bb0c6778226c24f0a75d21ed32fc9102e1642f5f2eac4b7cc81120d0de3c,success,candidate_extract,,22
LIT_02606F92F0B40447,A,A_01,http://hdl.handle.net/10539/11348,legal_oa,validated,1,data/raw/fulltext/pdf/LIT_02606F92F0B40447_5a652c09254e.pdf,5a652c09254e6a7961d1ac117f538a62b4815cd299179976873baa9e32eb50a5,success,candidate_extract,,23
LIT_4C9F9F626FE8A7BC,A,A_01,http://hdl.handle.net/10155/26,legal_oa,validated,2,data/raw/fulltext/pdf/LIT_4C9F9F626FE8A7BC_5b720809f4c0.pdf,5b720809f4c0033afe651e3f95f67d54e2549f8f5efb36f041ef80a0c8dec57e,success,candidate_extract,,24
LIT_F71FE83AF8BAF6E7,A,A_01,https://pubs.aip.org/aip/apl/article-pdf/doi/10.1063/1.4926415/13969560/013106_1_online.pdf,legal_oa,validated,2,data/raw/fulltext/pdf/LIT_F71FE83AF8BAF6E7_044347eeec7c.pdf,044347eeec7c4a391c34872b8603dc23606cb36a0509e11a925c3be79cdd14b8,success,insufficient_experimental_evidence,,25
LIT_4C5EB40B8CD80C4F,A,A_01,https://digital.csic.es/bitstream/10261/266197/4/70%20INMAselective.pdf,legal_oa,validated,1,data/raw/fulltext/pdf/LIT_4C5EB40B8CD80C4F_2301a19be788.pdf,2301a19be7880e6a3c5095c673dc16d41da2070dd7253cbe76db76255708eed9,success,candidate_extract,,26
LIT_1393A68CF2AF9C25,A,A_01,https://research.aalto.fi/en/publications/199f1b47-42ac-406f-bf25-4bc7828d9a1d,legal_oa,paywalled,1,,,skipped,needs_fulltext_review,html_landing_page_not_fulltext,27
LIT_777170442739602C,A,A_01,https://www.mdpi.com/2073-4344/11/11/1353/pdf?version=1636710428,legal_oa,validated,1,data/raw/fulltext/pdf/LIT_777170442739602C_86db57eb7b63.pdf,86db57eb7b63033c99dc0ffad5217dc11742775cb055a93dfa2de1d4c2b12619,success,candidate_extract,,28
LIT_CB3728625EE36E64,A,A_01,https://www.scielo.br/j/jbchs/a/FCpxx4j9RN8HVQRXRM7RkZP/?lang=en&format=pdf,legal_oa,validated,1,data/raw/fulltext/html/LIT_CB3728625EE36E64_1f4086793b91.html,1f4086793b9148e8a2d2ec1f7c9d0b0a67b0e58f7c9cbefa62861ca65bd14def,success,insufficient_experimental_evidence,,29
LIT_543F809E5E23B349,A,A_01,https://downloads.hindawi.com/journals/jnm/2019/4642859.pdf,legal_oa,blocked,1,,,skipped,needs_fulltext_review,http_403,30
LIT_522D359ADEDCFF7B,A,A_01,https://www.scielo.br/j/jbchs/a/yKxMjZ3Fp57yBNN4SS4QMBt/?lang=en&format=pdf,legal_oa,validated,1,data/raw/fulltext/pdf/LIT_522D359ADEDCFF7B_dc323875b69f.pdf,dc323875b69ff79a4e68b4183afca275f5c0b90dbcfc9389a97c331b97416d3d,success,insufficient_experimental_evidence,,31
LIT_42CA430104DA72AA,A,A_01,https://downloads.hindawi.com/journals/jnm/2008/425195.pdf,legal_oa,validated,2,data/raw/fulltext/pdf/LIT_42CA430104DA72AA_66eb0daffee5.pdf,66eb0daffee52f7039533c3dbd1735407e53382e48cc089db5650468c8cdeef7,success,candidate_extract,,32
LIT_6A5D5568EBD1E558,A,A_01,https://content.scirp.org/pdf/jsemat_2014062011433121.pdf,legal_oa,validated,1,data/raw/fulltext/pdf/LIT_6A5D5568EBD1E558_df369881dc50.pdf,df369881dc50623924fcda28f9a5718300c868555a5200c3e7d890b784f729d1,success,candidate_extract,,33
LIT_A67692827E9AD9EF,A,A_01,https://www.mdpi.com/2079-4991/14/11/965/pdf?version=1717310075,legal_oa,validated,1,data/raw/fulltext/pdf/LIT_A67692827E9AD9EF_b3037bce977e.pdf,b3037bce977e73f39b55338a5924357fea4fe8e5f01ad079760de5860b67129b,success,candidate_extract,,34
LIT_92CE5863384224D6,A,A_01,https://doi.org/10.3144/expresspolymlett.2014.21,legal_oa,validated,1,data/raw/fulltext/pdf/LIT_92CE5863384224D6_aceb0ba9cdc2.pdf,aceb0ba9cdc234abd6502f295a5d9c1c1517cc114b9fa5580759714160b3547a,success,insufficient_experimental_evidence,,35
LIT_3B5A2676F1FE1646,A,A_01,https://link.springer.com/content/pdf/10.1007/s13203-021-00264-0.pdf,legal_oa,validated,1,data/raw/fulltext/pdf/LIT_3B5A2676F1FE1646_93a73cbd3a65.pdf,93a73cbd3a655e8d72b5585d6f19a4c2c3d60ebd00ba3d36e5b0c2b282856bdf,success,candidate_extract,,36
LIT_0EF1DDE74B15E559,A,A_01,https://www.mdpi.com/2073-4344/14/4/282/pdf?version=1713774425,legal_oa,blocked,1,,,skipped,needs_fulltext_review,http_403,37
LIT_E95F6638C71EC3C6,A,A_01,http://downloads.hindawi.com/journals/jnm/2016/4189456.pdf,legal_oa,paywalled,1,,,skipped,needs_fulltext_review,html_landing_page_not_fulltext,38
LIT_1A6943689C60163D,A,A_01,https://doi.org/10.1088/1742-6596/1349/1/012059,legal_oa,not_pdf,1,,,skipped,needs_fulltext_review,expected_pdf_received_html_landing_page,39
LIT_697F549224B22272,A,A_01,https://www.mdpi.com/2079-4991/13/15/2172/pdf?version=1690351875,legal_oa,validated,1,data/raw/fulltext/html/LIT_697F549224B22272_95c719f38e91.html,95c719f38e91342839f7e8883e7de8c6dc0ffa9960c6b9b123d472411c04dff9,success,candidate_extract,,40
LIT_457907E83D33368E,A,A_01,https://www.mdpi.com/2079-4991/11/12/3293/pdf?version=1638778420,legal_oa,validated,1,data/raw/fulltext/html/LIT_457907E83D33368E_d657f359f1dc.html,d657f359f1dca783dce834c6967c33c77329022154ca9c6fa12d1998e9e3b529,success,insufficient_experimental_evidence,,41
LIT_C726D1011E035C35,A,A_01,https://www.nature.com/articles/s41598-025-99439-1.pdf,legal_oa,validated,1,data/raw/fulltext/pdf/LIT_C726D1011E035C35_6d9fbe5e3695.pdf,6d9fbe5e36956a1707ac69df5c56fdeb635b8d8e608cada813db0fdb41bd4cd3,success,candidate_extract,,42
LIT_60DFC6A582109902,A,A_01,https://www.mdpi.com/2311-5629/4/2/37/pdf?version=1529484586,legal_oa,blocked,1,,,skipped,needs_fulltext_review,http_403,43
LIT_6AFA1A90B4346BB2,A,A_01,http://www.doiserbia.nb.rs/ft.aspx?id=0367-598X1500005G,legal_oa,paywalled,1,,,skipped,needs_fulltext_review,html_landing_page_not_fulltext,44
LIT_4BDFD588A5A5F5AA,A,A_01,http://hdl.handle.net/10161/9128,legal_oa,validated,1,data/raw/fulltext/pdf/LIT_4BDFD588A5A5F5AA_1344c7750b6a.pdf,1344c7750b6a6659f2e644c8981b33a0552ef587d3df18e50212098f52c2bf67,success,candidate_extract,,45
LIT_6731BD3F12EC3922,A,A_01,https://doi.org/10.1016/j.cartre.2025.100538,legal_oa,validated,1,data/raw/fulltext/pdf/LIT_6731BD3F12EC3922_c5205b472274.pdf,c5205b472274b9436a49ef41461755b944cb50f1ce730f6c14e18429354a66ff,success,candidate_extract,,46
LIT_EB28A99EB5E9DC87,A,A_01,https://www.intechopen.com/citation-pdf-url/16802,legal_oa,validated,1,data/raw/fulltext/pdf/LIT_EB28A99EB5E9DC87_726f5ead70d8.pdf,726f5ead70d80408a8c25dd0d60472249befce5e7d71892f430e27d782e2f6dc,success,candidate_extract,,47
LIT_5D2B63B0DDC58EBA,A,A_01,https://www.mdpi.com/2072-666X/14/7/1288/pdf?version=1687516060,legal_oa,validated,1,data/raw/fulltext/html/LIT_5D2B63B0DDC58EBA_7ae988894967.html,7ae988894967586d63d7741932a175c57c3ff86a28d0d8b197c64a98aadd4a7e,success,candidate_extract,,48
LIT_C218734AA7F3AF9E,A,A_01,https://ars.els-cdn.com/content/image/1-s2.0-S1385894719314044-ga1_lrg.jpg,legal_oa,validated,1,data/raw/fulltext/pdf/LIT_C218734AA7F3AF9E_e4935d687e31.pdf,e4935d687e31546616d0ee4dd2fdd93f767f4130f838d6facc4de55ff426f13c,success,candidate_extract,,49
LIT_FBC1DDD86139179A,A,A_01,https://iopscience.iop.org/article/10.1143/JJAP.47.1944/pdf,legal_oa,validated,1,data/raw/fulltext/pdf/LIT_FBC1DDD86139179A_bc7b53adb2fa.pdf,bc7b53adb2fa3ac0d8d35b4fbcdafdf435494b292af20cccd73c398b442b9a46,success,candidate_extract,,50
LIT_6A642308FB267069,A,A_01,https://ars.els-cdn.com/content/image/1-s2.0-S0008622317305687-fx1_lrg.jpg,legal_oa,blocked,1,,,skipped,needs_fulltext_review,http_403,51
LIT_F6F6FDC0AA3C72A9,A,A_02,https://downloads.hindawi.com/journals/acmp/2008/971457.pdf,legal_oa,blocked,1,,,skipped,needs_fulltext_review,http_403,52
LIT_E8DE06415D694B2B,A,A_02,https://downloads.hindawi.com/journals/jnm/2014/707301.pdf,legal_oa,blocked,1,,,skipped,needs_fulltext_review,http_403,53
LIT_3BDCD8F9895BE659,A,A_02,https://pure.tue.nl/ws/files/3718286/710935304278580.pdf,legal_oa,validated,1,data/raw/fulltext/pdf/LIT_3BDCD8F9895BE659_ad8a37d0aa53.pdf,ad8a37d0aa538aeaabdecc80f59917cc2ac3ccb928b6c7d9b5d24f16e9a2cad3,success,candidate_extract,,54
LIT_DB283D1C5235DA93,A,A_02,https://www.mdpi.com/2079-4991/14/1/75/pdf?version=1703605564,legal_oa,blocked,1,,,skipped,needs_fulltext_review,http_403,55
LIT_54330E2C79FE4C21,A,A_02,https://www.mdpi.com/2079-4991/11/1/50/pdf?version=1609128136,legal_oa,paywalled,1,,,skipped,needs_fulltext_review,html_landing_page_not_fulltext,56
LIT_CF3766DB7A5E26B9,A,A_02,https://academic.oup.com/ce/article-pdf/3/4/251/31234353/zkz012.pdf,legal_oa,blocked,1,,,skipped,needs_fulltext_review,http_403,57
LIT_22EBBAD83D250478,A,A_02,https://downloads.hindawi.com/journals/jnm/2013/421503.pdf,legal_oa,blocked,1,,,skipped,needs_fulltext_review,http_403,58
LIT_71A66ACE3835B00D,A,A_02,http://ijtech.eng.ui.ac.id/download/article/1165,legal_oa,validated,1,data/raw/fulltext/pdf/LIT_71A66ACE3835B00D_993a74362b45.pdf,993a74362b454f213f5b29b0b03103a17433344940487fc347cf82d36a5e052d,success,candidate_extract,,59
LIT_169EACB657CC8523,A,A_02,https://link.springer.com/content/pdf/10.1007/s11696-023-02737-z.pdf,legal_oa,validated,1,data/raw/fulltext/pdf/LIT_169EACB657CC8523_b8b0f725610b.pdf,b8b0f725610b0b1a8490ff3f3c511b0d8e66ee9969d3d4d64f367c4d7271ff28,success,candidate_extract,,60
LIT_40599004C06DDDF0,A,A_02,https://onlinelibrary.wiley.com/doi/pdfdirect/10.1002/eem2.70108,legal_oa,blocked,1,,,skipped,needs_fulltext_review,http_403,61
LIT_619441B609804F78,A,A_02,https://www.mdpi.com/1422-0067/24/7/6686/pdf?version=1680577159,legal_oa,blocked,1,,,skipped,needs_fulltext_review,http_403,62
LIT_1E6FDA57E370EFB9,A,A_02,https://doi.org/10.1016/j.cej.2025.168000,legal_oa,blocked,1,,,skipped,needs_fulltext_review,http_403,63
LIT_F64EACA2D669B320,A,A_02,https://ora.ox.ac.uk/objects/uuid:73ccdd97-2325-4ff0-84dc-6abe0a2e4288,legal_oa,validated,1,data/raw/fulltext/pdf/LIT_F64EACA2D669B320_5c200581f9cb.pdf,5c200581f9cb34d5bf7c04715839ebe5813251ffda27d34bb8f6bfbf55a3dca6,success,candidate_extract,,64
LIT_AE42008958B41BB3,A,A_02,https://sciendo.com/pdf/10.2478/v10026-008-0028-0,legal_oa,blocked,1,,,skipped,needs_fulltext_review,http_403,65
LIT_F7D0F5C6CBE17B59,A,A_02,https://www.mdpi.com/2311-5629/4/1/16/pdf?version=1519293092,legal_oa,blocked,1,,,skipped,needs_fulltext_review,http_403,66
LIT_53B8BE52F01169BD,A,A_02,https://www.mdpi.com/2304-6740/13/4/113/pdf?version=1743693588,legal_oa,blocked,1,,,skipped,needs_fulltext_review,http_403,67
LIT_9E6CDAC43CB4999A,A,A_02,https://repository.library.northeastern.edu/files/neu:677/fulltext.pdf,legal_oa,blocked,2,,,skipped,needs_fulltext_review,http_403,68
LIT_8ABD0883366B39EE,A,A_02,https://www.e3s-conferences.org/articles/e3sconf/pdf/2023/39/e3sconf_transsiberia2023_03023.pdf,legal_oa,validated,1,data/raw/fulltext/pdf/LIT_8ABD0883366B39EE_9853cf4d8e14.pdf,9853cf4d8e14b6bc272956a0a4918fe4d9f7fc1be5e59b639a090c0684f3ee97,success,candidate_extract,,69
LIT_F5C517498209ABBA,A,A_02,https://www.mdpi.com/2079-4991/7/10/284/pdf?version=1506083999,legal_oa,validated,1,data/raw/fulltext/html/LIT_F5C517498209ABBA_7f13c21ac393.html,7f13c21ac393d964e294a6339863fe7d360c784f35aca633fe243416233b8155,success,candidate_extract,,70
LIT_CC1837EDE2344C3D,A,A_02,https://pubs.rsc.org/en/content/articlepdf/2020/ra/d0ra07440c,legal_oa,validated,1,data/raw/fulltext/html/LIT_CC1837EDE2344C3D_4a1df55cbef8.html,4a1df55cbef890c9978e14908f724849dc8c67dcfdcab447cadf4db8c98b2726,success,candidate_extract,,71
LIT_71A4E4C2BB4AEDD8,A,A_02,https://www.nature.com/articles/s41598-024-55836-6.pdf,legal_oa,validated,1,data/raw/fulltext/pdf/LIT_71A4E4C2BB4AEDD8_e638e20da586.pdf,e638e20da58682928232c814cc2f5adb89f9b5ae403a13539b84e1f0c0732f2f,success,candidate_extract,,72
LIT_6C1D6D8880AEB493,A,A_02,https://www.scielo.br/j/mr/a/hsDh96jvnzmWv7cqZyNm9QJ/?lang=en&format=pdf,legal_oa,validated,2,data/raw/fulltext/pdf/LIT_6C1D6D8880AEB493_9265bde897db.pdf,9265bde897dbed8b044e82da430ce7dde6b4033376da28c12264a72ab980029e,success,candidate_extract,,73
LIT_ACDFBAEA33554788,A,A_02,https://onlinelibrary.wiley.com/doi/pdfdirect/10.1002/pssr.202400310,legal_oa,blocked,1,,,skipped,needs_fulltext_review,http_403,74
LIT_FE82BF8DB86FE9C1,A,A_02,https://pubs.rsc.org/en/content/articlepdf/2017/ra/c7ra04882c,legal_oa,blocked,1,,,skipped,needs_fulltext_review,http_403,75
LIT_0868010ABB2FC74E,A,A_02,https://www.jstage.jst.go.jp/article/jcersj2/118/1382/118_1382_963/_pdf,legal_oa,validated,1,data/raw/fulltext/pdf/LIT_0868010ABB2FC74E_0d5010349876.pdf,0d50103498769e955314ce0c0da64f347c7094e130b1a8d82a635adb42359e64,success,insufficient_experimental_evidence,,76
LIT_AFA5F6070C3053B2,A,A_02,https://www.mdpi.com/2073-4344/10/8/890/pdf,legal_oa,blocked,1,,,skipped,needs_fulltext_review,http_403,77
LIT_58B091070B8AC565,A,A_02,https://link.springer.com/content/pdf/10.1007/s40089-018-0252-4.pdf,legal_oa,validated,1,data/raw/fulltext/pdf/LIT_58B091070B8AC565_0788779913fa.pdf,0788779913faecbe93925642cdeef088ec8957306ea537d130538efaac9d6943,success,candidate_extract,,78
LIT_7F0D271A0CEB3037,A,A_02,https://pubs.acs.org/doi/pdf/10.1021/acsomega.7b00858,legal_oa,validated,1,data/raw/fulltext/html/LIT_7F0D271A0CEB3037_f0e15e141158.html,f0e15e1411586aba73e5e4e0c2cc542b57207124f96f95b41e98f937a3fd2a98,success,candidate_extract,,79
LIT_FBF94DA058373640,A,A_02,https://downloads.hindawi.com/journals/jnm/2012/451473.pdf,legal_oa,blocked,1,,,skipped,needs_fulltext_review,http_403,80
LIT_FB76AA75976322C2,A,A_02,https://link.springer.com/content/pdf/10.1007/s12274-009-9076-x.pdf,legal_oa,validated,1,data/raw/fulltext/pdf/LIT_FB76AA75976322C2_02b54e4c1e57.pdf,02b54e4c1e57bf09cc3e7cfebad6f9a96313d943f8111e562aebec783bbf45c6,success,candidate_extract,,81
LIT_010B9BF252F13139,A,A_02,https://pubs.acs.org/doi/pdf/10.1021/acsnano.4c15449?ref=article_openPDF,legal_oa,validated,1,data/raw/fulltext/pdf/LIT_010B9BF252F13139_42df7ef02687.pdf,42df7ef02687b8e60a5fd09b6eafeb864898805c8c167c4908d1fd350894cc17,success,candidate_extract,,82
LIT_427378A0096D943B,A,A_02,https://www.mdpi.com/2079-4991/9/11/1590/pdf?version=1573292569,legal_oa,validated,1,data/raw/fulltext/pdf/LIT_427378A0096D943B_f8e072dd7343.pdf,f8e072dd73430d884055f0f997d5c0a2dc2dec0fd3ddbc3f54ece169ab4c3e8c,success,candidate_extract,,83
LIT_80C20A08235D3B9F,A,A_02,http://downloads.hindawi.com/journals/jnm/2016/8106845.pdf,legal_oa,blocked,1,,,skipped,needs_fulltext_review,http_403,84
LIT_CF56A19ED6BBCB01,A,A_02,https://www.mdpi.com/2073-4344/12/3/287/pdf?version=1646297193,legal_oa,blocked,1,,,skipped,needs_fulltext_review,http_403,85
LIT_9B43B350883D2B6F,A,A_02,https://www.mdpi.com/2073-4360/14/14/2898/pdf?version=1657972879,legal_oa,validated,1,data/raw/fulltext/pdf/LIT_9B43B350883D2B6F_e71cdb9862d6.pdf,e71cdb9862d62bccfc311da29abbd51b9ee8ee2ac141bc2ba27f7547a514c079,success,candidate_extract,,86
LIT_0682357008FA0412,A,A_02,https://bmcchem.biomedcentral.com/counter/pdf/10.1186/s13065-025-01460-y,legal_oa,validated,1,data/raw/fulltext/pdf/LIT_0682357008FA0412_dc85e16355b1.pdf,dc85e16355b1e042f4f4b3dc003c567cf6378e1c06cdcf5fbba13dc3efd7f0d8,success,candidate_extract,,87
LIT_9B1D9A7023DB7A6C,A,A_02,https://www.mdpi.com/2079-4991/12/11/1817/pdf?version=1654058003,legal_oa,paywalled,1,,,skipped,needs_fulltext_review,html_landing_page_not_fulltext,88
LIT_B737792873D4A97E,A,A_02,https://ect-journal.kz/index.php/ectj/article/download/865/706,legal_oa,validated,1,data/raw/fulltext/pdf/LIT_B737792873D4A97E_1ae38bdd4502.pdf,1ae38bdd45021439d1896545f2c0a2a0983d930a1d7bbabf158e24e8b97a28c1,success,candidate_extract,,89
LIT_E143C2299B8F1763,A,A_02,https://www.jstage.jst.go.jp/article/jcersj2/118/1383/118_1383_983/_pdf,legal_oa,validated,1,data/raw/fulltext/pdf/LIT_E143C2299B8F1763_d7b83e9f0ac5.pdf,d7b83e9f0ac50ac010ad3ebfd8c72083c7d95a06380d649c234611fb03417b99,success,insufficient_experimental_evidence,,90
LIT_0E4C2827EA357D8F,A,A_02,http://iccee.journals.ekb.eg/article_38363_b7ea85c36ce8cd8e63b740e5ec42fce4.pdf,legal_oa,downloading,2,,,skipped,needs_fulltext_review,,91
LIT_FBB61BB3B58BBBCC,A,A_02,http://eprints.fri.uni-lj.si/4457/1/Bojan_Kastelic.pdf,legal_oa,queued,0,,,,,,92
LIT_94D32BA662BC711A,A,A_02,https://arxiv.org/pdf/1908.00391,legal_oa,queued,0,,,,,,93
LIT_2E5E5533DDFEBB53,A,A_02,https://downloads.hindawi.com/journals/jnm/2018/2898326.pdf,legal_oa,queued,0,,,,,,94
LIT_11E2BBB5F0B2D893,A,A_02,https://www.nature.com/articles/s41598-017-10055-0.pdf,legal_oa,queued,0,,,,,,95
LIT_E099468AD3074B0A,A,A_02,https://ars.els-cdn.com/content/image/1-s2.0-S000862232200865X-ga1_lrg.jpg,legal_oa,validated,3,data/raw/fulltext/pdf/LIT_E099468AD3074B0A_1098b4217f42.pdf,1098b4217f4293efbd799874bafb72002ba81c285241a2ac591774dbdccc390b,success,candidate_extract,,96
LIT_2F272009882C0471,A,A_02,http://downloads.hindawi.com/journals/jnm/2018/9236450.pdf,legal_oa,queued,0,,,,,,97
LIT_6A4861895E374941,A,A_02,https://iopscience.iop.org/article/10.1088/1361-6528/ab9677/pdf,legal_oa,queued,0,,,,,,98
LIT_18CC33FA0A432B62,A,A_02,https://ars.els-cdn.com/content/image/1-s2.0-S0009261422008429-ga1_lrg.jpg,legal_oa,queued,0,,,,,,99
LIT_2BD0058CE718B569,A,A_02,https://hull-repository.worktribe.com/output/550021,legal_oa,queued,0,,,,,,100
LIT_7CABEA170695D083,A,A_02,https://www.mdpi.com/2079-4991/14/11/988/pdf?version=1717689381,legal_oa,queued,0,,,,,,101
LIT_7E96F2BDC855F670,A,A_03,https://www.mdpi.com/1996-1944/14/3/608/pdf?version=1611908890,legal_oa,validated,2,data/raw/fulltext/html/LIT_7E96F2BDC855F670_0d98bb14f008.html,0d98bb14f00839eade7e0aeeeeff28520b82e9290084fca920b16fc84a689522,success,insufficient_experimental_evidence,,102
LIT_B001742209BFB7A3,A,A_03,https://content.scirp.org/pdf/msa20110700022_32075281.pdf,legal_oa,queued,0,,,,,,103
LIT_8761E4F08EA23163,A,A_03,https://www.intechopen.com/chapters/10018,legal_oa,queued,0,,,,,,104
LIT_83FDA718EAB00C9F,A,A_03,https://scholarworks.wmich.edu/dissertations/1171,legal_oa,queued,0,,,,,,105
LIT_9A3617C1B429A8F2,A,A_03,http://rave.ohiolink.edu/etdc/view?acc_num=ucin1288980540,legal_oa,queued,0,,,,,,106
LIT_E8FE9FB51AC672F0,A,A_03,https://iopscience.iop.org/article/10.1088/1742-6596/26/1/033/pdf,legal_oa,queued,0,,,,,,107
LIT_9FF1E93751DCE27D,A,A_03,https://iopscience.iop.org/article/10.1088/1757-899X/17/1/012003/pdf,legal_oa,queued,0,,,,,,108
LIT_665FCAE5A73EA1BB,A,A_03,https://www.mdpi.com/2079-4991/13/9/1504/pdf?version=1682668852,legal_oa,queued,0,,,,,,109
LIT_82A4395696545B8B,A,A_03,https://link.springer.com/content/pdf/10.1007/s13204-017-0598-3.pdf,legal_oa,validated,1,data/raw/fulltext/pdf/LIT_82A4395696545B8B_f528eaed35a7.pdf,f528eaed35a72d05f56b5b44204472464d0853fb18b17683d149d3a0f208e1c3,success,candidate_extract,,110
LIT_A4E38E9C51ED6D44,A,A_03,https://www.sciencedirect.com/science/article/am/pii/S0008622319306591,legal_oa,queued,0,,,,,,111
LIT_736D2CF4EF0E9EB9,A,A_03,https://durham-repository.worktribe.com/output/1548111,legal_oa,queued,0,,,,,,112
LIT_E949264AD5000FE1,A,A_03,https://www.mdpi.com/2079-4991/5/3/1200/pdf?version=1437142584,legal_oa,queued,0,,,,,,113
LIT_97B977951A7C653F,A,A_03,https://link.springer.com/content/pdf/10.1186/2228-5326-2-23.pdf,legal_oa,validated,1,data/raw/fulltext/pdf/LIT_97B977951A7C653F_6acf5407590f.pdf,6acf5407590f186d64d66105e98c5d385f9abdd5d8d56f2eb450ea003ed1a589,success,candidate_extract,,114
LIT_BCDE11C4AA968CDF,A,A_03,https://zenodo.org/record/1055120,legal_oa,queued,0,,,,,,115
LIT_37230FBEA6DEE09F,A,A_03,https://downloads.hindawi.com/journals/jnm/2019/5717180.pdf,legal_oa,queued,0,,,,,,116
LIT_E59DADD0A138DCAC,A,A_03,http://hdl.handle.net/10539/12417,legal_oa,validated,1,data/raw/fulltext/pdf/LIT_E59DADD0A138DCAC_c1641f0a5cde.pdf,c1641f0a5cde4e1890a5f21fc03032c7929d187b3ff12882b2d6f2c2ae602093,success,candidate_extract,,117
LIT_A7E485A52DA7BA40,A,A_03,https://www.mdpi.com/2073-4344/13/9/1259/pdf?version=1693400649,legal_oa,queued,0,,,,,,118
LIT_76E6DCAD72824A9C,A,A_03,https://chemrxiv.org/engage/api-gateway/chemrxiv/assets/orp/resource/item/645fe295a32ceeff2d957c6e/original/non-isothermal-chemical-vapor-deposition-for-increasing-carbon-nanotube-yield.pdf,legal_oa,queued,0,,,,,,119
LIT_71149714577AC71B,A,A_03,https://link.springer.com/content/pdf/10.1007/s40820-016-0113-5.pdf,legal_oa,queued,0,,,,,,120
LIT_79F908D3DA4AE6F8,A,A_03,https://downloads.hindawi.com/journals/bmri/2014/691537.pdf,legal_oa,queued,0,,,,,,121
LIT_E13B930955884551,A,A_03,https://www.mdpi.com/2227-9717/9/6/980/pdf?version=1622981451,legal_oa,queued,0,,,,,,122
LIT_35CC6817563FC3B9,A,A_03,https://www.mdpi.com/2079-4991/12/3/575/pdf?version=1644485798,legal_oa,queued,0,,,,,,123
LIT_41A99C6A3F3A6ABA,A,A_03,https://www.mdpi.com/2079-4991/14/2/211/pdf?version=1705571474,legal_oa,queued,0,,,,,,124
LIT_11B9044BBBEDF0FD,A,A_03,https://www.mdpi.com/2079-4991/9/9/1239/pdf?version=1569220267,legal_oa,queued,0,,,,,,125
LIT_E78B76EE29224064,A,A_03,http://downloads.hindawi.com/journals/jnm/2017/3407352.pdf,legal_oa,queued,0,,,,,,126
LIT_96041AC63340C376,A,A_03,https://doi.org/10.1088/1361-6528/acf6c8,legal_oa,queued,0,,,,,,127
LIT_02F3CC774E37BDAD,A,A_03,https://doi.org/10.1016/j.carbon.2022.04.020,legal_oa,queued,0,,,,,,128
LIT_9797FA2C22DBDC55,A,A_03,https://www.mdpi.com/2079-4991/14/3/280/pdf?version=1706538109,legal_oa,queued,0,,,,,,129
LIT_6FADA5C6EB2CFD6A,A,A_03,https://ars.els-cdn.com/content/image/1-s2.0-S0360319922050364-ga1_lrg.jpg,legal_oa,queued,0,,,,,,130
LIT_C94175DFBAED274E,A,A_03,https://www.nature.com/articles/s41598-021-80986-2.pdf,legal_oa,queued,0,,,,,,131
LIT_7D549B9B7575FB0C,A,A_03,https://www.mdpi.com/1996-1944/13/10/2342/pdf,legal_oa,queued,0,,,,,,132
LIT_4A42E225A9840CD9,A,A_03,https://www.mdpi.com/2079-4991/14/14/1205/pdf?version=1721113578,legal_oa,queued,0,,,,,,133
LIT_E9527B62ACCB5FAE,A,A_03,https://www.mdpi.com/1996-1944/13/6/1349/pdf?version=1584424239,legal_oa,queued,0,,,,,,134
LIT_89DB5AF57D638DC8,A,A_03,https://www.nature.com/articles/s41598-019-45638-6.pdf,legal_oa,queued,0,,,,,,135
LIT_BA29B44179EB3783,A,A_03,https://www.sciencedirect.com/science/article/am/pii/S0008622319312588,legal_oa,queued,0,,,,,,136
LIT_F9ED79E1CCABED15,A,A_03,https://www.e3s-conferences.org/articles/e3sconf/pdf/2018/42/e3sconf_i-trec2018_03038.pdf,legal_oa,queued,0,,,,,,137
LIT_84D01A58DEA061F1,A,A_03,https://www.mdpi.com/2311-5629/5/3/42/pdf?version=1564391470,legal_oa,queued,0,,,,,,138
LIT_0705FD92BBA5C6D2,A,A_03,https://ect-journal.kz/index.php/ectj/article/download/982/766,legal_oa,queued,0,,,,,,139
LIT_B87E5503BFB816F7,A,A_03,https://flore.unifi.it/bitstream/2158/1176971/4/Manuscript.pdf,legal_oa,queued,0,,,,,,140
LIT_34444E6301E5DCCB,A,A_03,https://www.mdpi.com/2073-4344/11/8/986/pdf?version=1629204951,legal_oa,queued,0,,,,,,141
LIT_7C4A4A0C70FAAD03,A,A_03,https://sciendo.com/pdf/10.2478/v10026-010-0033-y,legal_oa,queued,0,,,,,,142
LIT_6B3D416B1699661A,A,A_03,https://www.nature.com/articles/s41467-026-69501-1_reference.pdf,legal_oa,queued,0,,,,,,143
LIT_15F49C3012600D0B,A,A_03,https://link.springer.com/content/pdf/10.1007/s12649-026-03645-5.pdf,legal_oa,queued,0,,,,,,144
LIT_1547E85803913A0C,A,A_03,https://www.jstage.jst.go.jp/article/ieejfms/128/10/128_10_624/_pdf,legal_oa,queued,0,,,,,,145
LIT_E90939E07D9CD188,A,A_03,https://doi.org/10.1016/j.cartre.2022.100211,legal_oa,queued,0,,,,,,146
LIT_C9225882C7129538,A,A_03,https://zenodo.org/record/1061094,legal_oa,queued,0,,,,,,147
LIT_5F33D3A900FFC120,A,A_03,https://www.semanticscholar.org/paper/c799ebf3742a55743564e6b71eb1c48ec07201d2,landing_page_only,queued,0,,,,,,316
LIT_4823A1E3E3586FBB,A,A_03,https://www.semanticscholar.org/paper/bf20b3a11a511dd74dd327ffe7ccdb4afb366101,landing_page_only,queued,0,,,,,,317
LIT_41EDFF9643A6D73F,A,A_03,https://www.semanticscholar.org/paper/254a8fbb559c8f638dce6e143f80cbc0bfe3c612,landing_page_only,queued,0,,,,,,318
LIT_7CD12DEAD417E01A,A,A_03,https://www.semanticscholar.org/paper/d7321f078a466d1555054240d8706de6ed870790,landing_page_only,queued,0,,,,,,319
LIT_F50C7AB0FAE28AAD,A,A_04,https://www.semanticscholar.org/paper/66793e5d6ffca74c5df6e969ac0bd5bb6ec77bde,landing_page_only,queued,0,,,,,,320
LIT_A6352ED09495ADE6,A,A_04,https://www.semanticscholar.org/paper/f48dfcf69968ce615846f2ee9df59d5a95de965d,landing_page_only,queued,0,,,,,,321
LIT_8A877D896C496AAC,A,A_04,https://www.semanticscholar.org/paper/5425f52930aea0a8978b0782f0454bcf74828be7,landing_page_only,queued,0,,,,,,322
LIT_4A0619355DFA627D,A,A_04,https://www.semanticscholar.org/paper/5bca69842332d9b210026f02e0de226865181a1b,landing_page_only,queued,0,,,,,,323
LIT_56780CD73EE08949,A,A_04,https://www.semanticscholar.org/paper/a7b8f2260b4961fc1085008e8b223fdf3f2a9714,landing_page_only,queued,0,,,,,,324
LIT_F468A1E4EA97CACA,A,A_04,https://www.semanticscholar.org/paper/0850c9d37c31d607b43f03b622da46d0b366d1d9,landing_page_only,queued,0,,,,,,325
LIT_EB3FAF39161934F8,A,A_04,https://www.semanticscholar.org/paper/5d832fdb31f1953f3da0523431e2545ec2605ee8,landing_page_only,queued,0,,,,,,326
LIT_E73E76ED1EA1C0E4,A,A_04,https://www.semanticscholar.org/paper/4aa58b1ba2a35bb919c6f3f449e3e4b0ac25afee,landing_page_only,queued,0,,,,,,327
LIT_83C35F44509C5A89,A,A_04,https://www.semanticscholar.org/paper/92f92088c3ab0faf1057f09bd274abe082b75f02,landing_page_only,queued,0,,,,,,328
LIT_52CCF4ABCC67577A,A,A_04,https://www.semanticscholar.org/paper/57e63c4a91f69e9a21fa7565ec88b9d7ed3fc314,landing_page_only,queued,0,,,,,,329
LIT_78A77B7ABDB8D073,A,A_04,https://www.semanticscholar.org/paper/31ea447819e0bf97b43033cdb07b82634ee7ce20,landing_page_only,queued,0,,,,,,330
LIT_34834C05D4AE1C2B,A,A_04,https://www.semanticscholar.org/paper/78cf5d363ba04f26f0b8bb86c0735e3fa21dc6b3,landing_page_only,queued,0,,,,,,331
LIT_95834C147B3AFE07,A,A_04,https://doi.org/10.1080/10587250215226,landing_page_only,queued,0,,,,,,332
LIT_458C915DF011F7D3,A,A_04,https://www.semanticscholar.org/paper/54c19c5e942ad36d1617dccbb7623b8546fac0d3,landing_page_only,queued,0,,,,,,333
LIT_E7EE67D8E5246854,A,A_04,https://www.semanticscholar.org/paper/9e20494b15891c7138fb049eaf72ce805de10df9,landing_page_only,queued,0,,,,,,334
LIT_5CEF0341B983A787,A,A_04,http://www.diva-portal.org/smash/record.jsf?pid=diva2:125404,landing_page_only,queued,0,,,,,,335
LIT_925CC404C81BC665,A,A_04,https://www.semanticscholar.org/paper/efe7a25373ed8055fdcb0f06d29c9b426d3357af,landing_page_only,queued,0,,,,,,336
LIT_1C23B269C38586DE,A,A_04,https://www.semanticscholar.org/paper/c6147924fbbc9a660b77e22ac67f9cca4b8aa9b4,landing_page_only,queued,0,,,,,,337
LIT_C71E7D38A1D39559,A,A_04,https://www.semanticscholar.org/paper/2b8f3723b4d60e00f4775ad6f9962abd945e18d6,landing_page_only,queued,0,,,,,,338
LIT_2156B932FB0638B8,A,A_04,https://www.semanticscholar.org/paper/46304f6066e353908c9e37398daeb753e732c3d4,landing_page_only,queued,0,,,,,,339
LIT_ECA602A87CFC3EC3,A,A_04,https://www.semanticscholar.org/paper/5e02434651905ed48e1106ac52bc469d56136a00,landing_page_only,queued,0,,,,,,340
LIT_17208320A4D17CAB,A,A_04,https://www.semanticscholar.org/paper/566e1dae59288e6b9839279d3dc7225ece88cccb,landing_page_only,queued,0,,,,,,341
LIT_0A1EEAB981A7FC27,A,A_04,https://www.semanticscholar.org/paper/2f2024352b440c14b90bdebb8f626796503cf08e,landing_page_only,queued,0,,,,,,342
LIT_E53DEA9D83E63299,A,A_04,https://www.semanticscholar.org/paper/8e0ca049d5ff0936376ca008b5b5e445aebd0d4f,landing_page_only,queued,0,,,,,,343
LIT_0EB6EB3A3ECD7CF1,A,A_04,https://www.semanticscholar.org/paper/79c2a9cf1e52818767dea7cea6fade1171e230bf,landing_page_only,queued,0,,,,,,344
LIT_043C8CED35E14D8A,A,A_04,https://www.semanticscholar.org/paper/ab17e01c545dbfa49065779dd824e6c8822b8538,landing_page_only,queued,0,,,,,,345
LIT_DF814A8718A9C99E,A,A_04,https://www.semanticscholar.org/paper/af6fdc963e342fc5361e42e73a2eacb9a26afabf,landing_page_only,queued,0,,,,,,346
LIT_603AAF8A348EAF36,A,A_04,https://www.semanticscholar.org/paper/da117631f8fc0a0634af81bb30de8e309eff75ef,landing_page_only,queued,0,,,,,,347
LIT_C315059E43457080,A,A_04,https://www.semanticscholar.org/paper/10c5fe8bc1b7df19e6b7de86e29a3ffa3d91155c,landing_page_only,queued,0,,,,,,348
LIT_69B52395F427EA88,A,A_04,https://www.semanticscholar.org/paper/754cf40ab9179f6e4abee8694128aa84f72f63b8,landing_page_only,queued,0,,,,,,349
LIT_651A32A904C48C0B,A,A_04,https://www.semanticscholar.org/paper/59b1e9505efb7a9af1b1eef1c8fa346e694691ca,landing_page_only,queued,0,,,,,,350
LIT_B3E940ECE82E056A,A,A_04,https://www.semanticscholar.org/paper/dc57afc67fbfcc69cd1c5a0133088abef12e1c59,landing_page_only,queued,0,,,,,,351
LIT_09E1F558A5050320,A,A_04,https://www.semanticscholar.org/paper/493b6fe769ac7cfedd16d24a49b2e3b244253160,landing_page_only,queued,0,,,,,,352
LIT_4677D489B1229811,A,A_04,https://www.semanticscholar.org/paper/76f294723685621786be3942947fdc1d43773afc,landing_page_only,queued,0,,,,,,353
LIT_06B37399F25D06D1,A,A_04,https://www.semanticscholar.org/paper/bebed654508863278646f24aa9c1f17a06cbb222,landing_page_only,queued,0,,,,,,354
LIT_2597C191571C2F46,A,A_04,https://www.semanticscholar.org/paper/9172605af4bb7d35da14e2dcc49b0e402bec6e55,landing_page_only,queued,0,,,,,,355
LIT_F6D83F1702976124,A,A_04,https://www.semanticscholar.org/paper/0859da9d25583caba007df44092e85563b7ee4cf,landing_page_only,queued,0,,,,,,356
LIT_F21A6E2777DFE134,A,A_04,https://www.semanticscholar.org/paper/9c6f56f2f755539efe72c57bae7a3dcd39940a86,landing_page_only,queued,0,,,,,,357
LIT_39FC4C9561D1FAE9,A,A_04,https://www.semanticscholar.org/paper/5f3a7060b0794d989f22868541763875c9329364,landing_page_only,queued,0,,,,,,358
LIT_C953585FCEE47FDD,A,A_04,https://www.semanticscholar.org/paper/c981ce7ce9dc66ec69827f4c7d0a997c982e0c5c,landing_page_only,queued,0,,,,,,359
LIT_F6B2DB3CC3BAB571,A,A_04,https://www.semanticscholar.org/paper/8f3dbacd5c2dd9d6ad8cd84f3a5a6bcd50b91ab7,landing_page_only,queued,0,,,,,,360
LIT_80A93A92165252BF,A,A_04,https://www.semanticscholar.org/paper/dc0aae63b2ab837667d0baae55d200767ede7ec0,landing_page_only,queued,0,,,,,,361
LIT_91451009FBF2D2EA,A,A_04,https://www.semanticscholar.org/paper/286a735944f0ebc7126b257e656773c77cbdbaf5,landing_page_only,queued,0,,,,,,362
LIT_2BBA5D5A33DCA23E,A,A_04,https://www.semanticscholar.org/paper/e13b8d02e6f52f64c6e10156b8d556a292a2c0fa,landing_page_only,queued,0,,,,,,363
LIT_41ED2ABA7F071F5E,A,A_04,https://www.semanticscholar.org/paper/f63a91a2aa18852471cad3245473be73d86ec5b3,landing_page_only,queued,0,,,skipped,needs_fulltext_review,,364
LIT_EB2BD7ACC3C71120,A,A_04,https://www.semanticscholar.org/paper/33b8811b0e587aa44a33283051b0b006a7251301,landing_page_only,queued,0,,,,,,365
LIT_C928134CFAB77D18,A,A_04,https://www.semanticscholar.org/paper/03da95e63ed1adc958249c0c3217304fbaef5532,landing_page_only,queued,0,,,,,,366
LIT_6BD67C99F1AB52B1,A,A_04,https://www.semanticscholar.org/paper/292f76cda978b597d71001cbf5054449da3263bb,landing_page_only,queued,0,,,,,,367
LIT_5AFB84D7275DBC1E,A,A_04,https://www.semanticscholar.org/paper/8b40d37ed0e0e4c20bd069cd5d3abcbc501cae9e,landing_page_only,queued,0,,,,,,368
LIT_A30F475D9CEBCEB0,A,A_04,https://www.semanticscholar.org/paper/96fcc3353c4ea813025d2587c47afd973bcd01dd,landing_page_only,queued,0,,,,,,369
LIT_1E16A4FAF9AEF7E4,A,A_04,https://www.semanticscholar.org/paper/1984058c3540c1d74d44d5828fa3015d8def8bf5,landing_page_only,queued,0,,,,,,370
LIT_428524A1D247A302,A,A_04,https://www.semanticscholar.org/paper/02b13206d2848f106997b6d48efa0ceba316106f,landing_page_only,queued,0,,,,,,371
LIT_C78FACE8C438AE4B,A,A_04,https://www.semanticscholar.org/paper/baecb3559ec6cbc5e296ed46cf066875d9354053,landing_page_only,queued,0,,,,,,372
LIT_EC98DCB343E903C7,A,A_04,https://www.semanticscholar.org/paper/a277cbb9a1f800a32f4c4e8b2d9f489e5f05fe4b,landing_page_only,queued,0,,,,,,373
LIT_6D30125E2A7B8D73,A,A_04,https://www.semanticscholar.org/paper/bdf351cb4ada42e1aefc597356e091471f8d6c04,landing_page_only,queued,0,,,,,,374
LIT_41F55B9439F51B21,A,A_04,https://www.semanticscholar.org/paper/32b2c170dc2b8e9448d41af1653733b8ffc999a8,landing_page_only,queued,0,,,,,,375
LIT_77C8EA9D8BC34BDB,A,A_04,https://www.semanticscholar.org/paper/5968bbf0e64a3fc9970a79e340fcf2fab772fce1,landing_page_only,queued,0,,,,,,376
LIT_7E5CD6860550E16F,A,A_04,https://www.semanticscholar.org/paper/885cd920246cf02b0dd6e236c414860c3dd7ec65,landing_page_only,queued,0,,,,,,377
P001_Dubey_2012_FeMo_MgO_tMWCNT,B,B_01,,local_existing,local_existing,0,data/raw/papers/HGTSB6_2012_v13n2_99.pdf,6e9cdd4406f7d8c71631e6ba62b01b35309c34654d3fbf37447c05c03b94c0eb,success,candidate_extract,,6
LIT_29053831AED49C65,B,B_01,https://pubs.aip.org/aip/jap/article-pdf/90/3/1529/10613764/1529_1_online.pdf,legal_oa,queued,0,,,,,,148
LIT_4421747A539A3C4E,B,B_01,https://www.nature.com/articles/srep37972.pdf,legal_oa,queued,0,,,,,,149
LIT_DA62998A464D0B34,B,B_01,https://repository.library.northeastern.edu/files/neu:1489/fulltext.pdf,legal_oa,queued,0,,,,,,150
LIT_2A2F8594DBA4A040,B,B_01,https://www.mdpi.com/2305-7084/3/1/26/pdf?version=1551963539,legal_oa,validated,3,data/raw/fulltext/pdf/LIT_2A2F8594DBA4A040_329974b7c6f3.pdf,329974b7c6f362f4472b6904be10476ad8079dcfe347591534b3dfcac6c06f59,success,candidate_extract,,151
LIT_9A6884F1BCF7D6CC,B,B_01,https://www.mdpi.com/2079-4991/12/5/863/pdf?version=1646907200,legal_oa,queued,0,,,,,,152
LIT_DC6A35D8716487CE,B,B_01,http://usir.salford.ac.uk/id/eprint/22466/4/raman%20paper%20final.pdf,legal_oa,queued,0,,,,,,153
LIT_BEACD822B2E6860B,B,B_01,https://link.springer.com/content/pdf/10.1007/s12274-020-3032-1.pdf,legal_oa,queued,0,,,,,,154
LIT_A72F77DDF27B1E9C,B,B_01,http://rave.ohiolink.edu/etdc/view?acc_num=ucin1439310862,legal_oa,queued,0,,,,,,155
LIT_68B8A2A5415EBF90,B,B_01,https://aip.scitation.org/doi/pdf/10.1063/1.124462,legal_oa,queued,0,,,,,,156
LIT_055A4FC73A2EED3E,B,B_01,https://www.nature.com/articles/srep03903.pdf,legal_oa,queued,0,,,,,,157
LIT_345CEADD3D2F160E,B,B_01,https://advances.sciencemag.org/content/advances/2/5/e1501729.full.pdf,legal_oa,queued,0,,,,,,158
LIT_B2B76F5EF00C8667,B,B_01,https://onlinelibrary.wiley.com/doi/pdfdirect/10.1002/adfm.201200852,legal_oa,queued,0,,,,,,159
LIT_52723AF7CCAC0CD4,B,B_01,https://www.intechopen.com/citation-pdf-url/67867,legal_oa,queued,0,,,,,,160
LIT_8CAE54D783026F65,B,B_01,https://figshare.com/articles/journal_contribution/Influence_of_the_Catalyst_Type_on_the_Growth_of_Carbon_Nanotubes_via_Methane_Chemical_Vapor_Deposition/3227578,legal_oa,queued,0,,,,,,161
LIT_56F310E06FA42633,B,B_01,http://iopscience.iop.org/article/10.1088/1757-899X/59/1/012005/pdf,legal_oa,queued,0,,,,,,162
LIT_37C1F1BCDB47EEBD,B,B_01,https://digital.csic.es/bitstream/10261/214402/1/MS_Torres%20-%20IJHE%20-%20post-print.pdf,legal_oa,queued,0,,,,,,163
LIT_3DE18AF24FC0FE98,B,B_01,https://www.mdpi.com/2079-4991/10/2/365/pdf?version=1582538390,legal_oa,queued,0,,,,,,164
LIT_B49F1E2FC9A56304,B,B_01,https://www.nature.com/articles/srep02353.pdf,legal_oa,queued,0,,,,,,165
LIT_31DBBD6C48EA927E,B,B_01,https://digital.csic.es/bitstream/10261/11734/3/ARCHIVO%20COMODIN%20DIGITAL%20CSIC.pdf,legal_oa,queued,0,,,,,,166
LIT_D74C5ABB8CDC64C5,B,B_01,https://link.springer.com/content/pdf/10.1007/s12274-008-8044-1.pdf,legal_oa,queued,0,,,,,,167
LIT_D69AB1AB29D0F242,B,B_01,https://link.springer.com/content/pdf/10.1186/s11671-019-2938-6.pdf,legal_oa,queued,0,,,,,,168
LIT_6A3D88032DC909B7,B,B_01,https://downloads.hindawi.com/journals/jnm/2013/356259.pdf,legal_oa,queued,0,,,,,,169
LIT_2D2749D79917839A,B,B_01,https://downloads.hindawi.com/journals/jnm/2022/8318217.pdf,legal_oa,queued,0,,,,,,170
LIT_3E872882CF7C68F1,B,B_01,https://www.mdpi.com/2079-4991/9/4/571/pdf?version=1556018095,legal_oa,queued,0,,,,,,171
LIT_A7F841B38540268D,B,B_01,https://journals.umt.edu.pk/index.php/SIR/article/download/3440/1860,legal_oa,queued,0,,,,,,172
LIT_BF9B296FF7061B98,B,B_01,https://www.scielo.br/j/mr/a/h8hXDn5WsGM5LFc3bhBP4hp/?lang=en&format=pdf,legal_oa,queued,0,,,,,,173
LIT_CFCA084E2A57853F,B,B_01,https://www.mdpi.com/2227-9717/11/6/1587/pdf?version=1684829662,legal_oa,queued,0,,,,,,174
LIT_004FAE25B3DA5255,B,B_01,https://doi.org/10.11159/icnfa19.154,legal_oa,queued,0,,,,,,175
LIT_A276A70868431521,B,B_01,https://www.degruyter.com/document/doi/10.2478/s11534-010-0079-8/pdf,legal_oa,queued,0,,,,,,176
LIT_5D1C4C0335284A7A,B,B_01,https://doi.org/10.4172/2150-3494.1000e106,legal_oa,queued,0,,,,,,177
LIT_9A86271B4F67C26B,B,B_01,https://www.mdpi.com/1996-1944/16/7/2735/pdf?version=1680087764,legal_oa,queued,0,,,,,,178
LIT_A19C6FD4668EC8D5,B,B_01,https://www.jstage.jst.go.jp/article/jsmeted/2006/0/2006_225/_pdf,legal_oa,queued,0,,,,,,179
LIT_7F4BCFD45E802E6F,B,B_01,https://zenodo.org/record/1233461,legal_oa,queued,0,,,,,,180
LIT_BD24584C41DAE4DD,B,B_01,https://www.repository.cam.ac.uk/bitstreams/f2842671-a5aa-4d57-8311-57b4c7c747b0/download,legal_oa,queued,0,,,,,,181
LIT_5C31905295320B91,B,B_01,https://www.intechopen.com/citation-pdf-url/16812,legal_oa,queued,0,,,,,,182
LIT_AB98C75D6F5D85A2,B,B_01,https://orbi.uliege.be/handle/2268/109437,legal_oa,queued,0,,,,,,183
LIT_0F76DE957F0F6283,B,B_01,https://doi.org/10.1016/j.rinp.2014.07.003,legal_oa,queued,0,,,,,,184
LIT_87B8240D8CDFE77C,B,B_01,https://www.nature.com/articles/srep03334.pdf,legal_oa,queued,0,,,,,,185
LIT_60EA741AF22F1B37,B,B_01,https://doi.org/10.1016/j.cej.2024.158007,legal_oa,queued,0,,,,,,186
LIT_BC02B1DE73740721,B,B_01,https://downloads.hindawi.com/journals/jnt/2010/860178.pdf,legal_oa,queued,0,,,,,,187
LIT_70C62F9DC9DF53B4,B,B_01,http://matsc.ktu.lt/index.php/MatSc/article/download/17050/8953,legal_oa,queued,0,,,,,,188
LIT_BA82E7DC697790E9,B,B_01,https://www.jstage.jst.go.jp/article/kona/33/0/33_2016018/_pdf,legal_oa,queued,0,,,,,,189
LIT_77436375794AF074,B,B_01,https://www.nature.com/articles/s41598-017-14775-1.pdf,legal_oa,queued,0,,,,,,190
LIT_A5C1C05E257E0246,B,B_01,https://pure.aber.ac.uk/portal/en/publications/synthesis-and-electromagnetic-wave-absorption-property-of-amorphous-carbon-nanotube-networks-on-a-3d-graphene-aerogelbafe12o19-nanocomposite(d2ff7aaa-67fe-4b83-b667-110cbf509eb2).html,legal_oa,queued,0,,,,,,191
LIT_A5F937C1E53DFE57,B,B_01,https://www.mdpi.com/2079-4991/12/3/449/pdf?version=1643362861,legal_oa,queued,0,,,,,,192
LIT_04A53D0FAD58D6F5,B,B_01,https://arxiv.org/pdf/0804.0404,legal_oa,queued,0,,,,,,193
LIT_37AB5E987D009FDE,B,B_01,http://eprints.usm.my/48054/1/The%20Role%20of%20Organizational%20Citizenship%20Behavior%20as%20Mediator%20to%20The%20Relationship%20Between%20Leadership%20Styles%20and%20Organizational%20Commitment.pdf%20cut.pdf,legal_oa,queued,0,,,,,,194
LIT_436402DA7A57D194,B,B_01,https://onlinelibrary.wiley.com/doi/pdfdirect/10.1002/cvde.200600036,legal_oa,queued,0,,,,,,195
LIT_91CE257D79ACE946,B,B_01,https://www.mdpi.com/2073-4360/13/3/351/pdf?version=1611310854,legal_oa,queued,0,,,,,,196
LIT_5E2595D2832F207F,B,B_02,https://www.mdpi.com/2079-6412/7/12/221/pdf?version=1512703206,legal_oa,queued,0,,,,,,197
LIT_1629C4B9FABCA044,B,B_02,http://downloads.hindawi.com/journals/jchem/2019/4260153.pdf,legal_oa,queued,0,,,,,,198
LIT_26E8CF0B49DA2722,B,B_02,https://link.springer.com/content/pdf/10.1007/s13369-022-07206-5.pdf,legal_oa,queued,0,,,,,,199
LIT_CA678F825E54BE45,B,B_02,https://www.mdpi.com/2079-4991/7/2/45/pdf?version=1487410041,legal_oa,queued,0,,,,,,200
LIT_0B337E3E2AB8B340,B,B_02,https://www.mdpi.com/2079-4991/12/7/1199/pdf?version=1648979618,legal_oa,queued,0,,,,,,201
LIT_34447B54D64C4FF1,B,B_02,https://link.springer.com/content/pdf/10.1186/1556-276X-9-448.pdf,legal_oa,queued,0,,,,,,202
LIT_CFCEB00208CEE1EA,B,B_02,https://biblio.ugent.be/publication/7173203/file/8654883,legal_oa,queued,0,,,,,,203
LIT_FF68EE4072A6522C,B,B_02,https://digital.library.unt.edu/ark:/67531/metadc668971/m2/1/high_res_d/1945.pdf,legal_oa,queued,0,,,,,,204
LIT_1E55A7633F69BB67,B,B_02,https://pubs.aip.org/aip/apl/article-pdf/82/15/2491/12251091/2491_1_online.pdf,legal_oa,queued,0,,,,,,205
LIT_AD847EBA6A2A60AF,B,B_02,https://europepmc.org/articles/pmc18098?pdf=render,legal_oa,queued,0,,,,,,206
LIT_D861CF4FAB1F2A48,B,B_02,https://ehp.niehs.nih.gov/doi/epdf/10.1289/ehp.10883,legal_oa,queued,0,,,,,,207
LIT_4DB41D8FF2341637,B,B_02,https://www.mdpi.com/1422-0067/12/10/6656/pdf?version=1403143321,legal_oa,queued,0,,,,,,208
LIT_920AD764C13FB11B,B,B_02,https://link.springer.com/content/pdf/10.1007/s12274-008-8012-9.pdf,legal_oa,queued,0,,,,,,209
LIT_2CBAB1EE4362DD19,B,B_02,https://www.repository.cam.ac.uk/handle/1810/261493,legal_oa,queued,0,,,,,,210
LIT_77ACB59A07172EE0,B,B_02,https://www.sciencedirect.com/science/article/pii/S0254058402001050,legal_oa,queued,0,,,,,,211
LIT_62DE922E1D001880,B,B_02,https://downloads.hindawi.com/journals/jnm/2010/395191.pdf,legal_oa,queued,0,,,,,,212
LIT_F2D0EAEF6124778C,B,B_02,https://link.springer.com/content/pdf/10.1007/s11671-010-9710-2.pdf,legal_oa,queued,0,,,,,,213
LIT_A500A5521A801BE3,B,B_02,https://downloads.hindawi.com/journals/ast/2022/4438286.pdf,legal_oa,queued,0,,,,,,214
LIT_A2AD11A61964181A,B,B_02,https://link.springer.com/content/pdf/10.1186/s11671-015-1005-1.pdf,legal_oa,queued,0,,,,,,215
LIT_13B6E1F7F1E60E66,B,B_02,https://www.degruyter.com/document/doi/10.1351/PAC-CON-09-09-38/pdf,legal_oa,queued,0,,,,,,216
LIT_ACDBD9EA5B44494A,B,B_02,https://www.nature.com/articles/s41598-020-60580-8.pdf,legal_oa,queued,0,,,,,,217
LIT_3B360FDBA0962E1B,B,B_02,https://linkinghub.elsevier.com/science/article/pii/S0008622308005708,legal_oa,queued,0,,,,,,218
LIT_4E0CCE1A50DA2A26,B,B_02,https://www.tandfonline.com/doi/pdf/10.1088/1468-6996/9/2/025019?needAccess=true&role=button,legal_oa,queued,0,,,,,,219
LIT_9D1D16C5D2C154FD,B,B_02,https://www.pure.ed.ac.uk/ws/files/9153590/44_Impact_of_Mo_and_Ce_on_growth_of_single_walled_carbon_nanotubes_by_chemical_vapour_deposition_using_MgO_supported_Fe_catalysts.pdf,legal_oa,queued,0,,,,,,220
LIT_ED1D628BC55C93F4,B,B_02,https://hal.archives-ouvertes.fr/hal-00794037/file/2011-tsf-fatima-Ru.pdf,legal_oa,queued,0,,,,,,221
LIT_F1D45E46B0EA1D79,B,B_02,https://downloads.hindawi.com/journals/jnt/2010/256906.pdf,legal_oa,queued,0,,,,,,222
LIT_F2516364D3A97445,B,B_02,https://onlinelibrary.wiley.com/doi/pdfdirect/10.1002/smll.201202878,legal_oa,queued,0,,,,,,223
LIT_56D9DFDC226B6020,B,B_02,https://www.mdpi.com/2079-4991/13/20/2791/pdf?version=1697696733,legal_oa,queued,0,,,,,,224
LIT_F27CA92832125F8A,B,B_02,https://link.springer.com/content/pdf/10.1007%2Fs13204-013-0281-2.pdf,legal_oa,queued,0,,,,,,225
LIT_7DB638A390C20E74,B,B_02,https://www.mdpi.com/2072-666X/11/6/546/pdf?version=1592731815,legal_oa,queued,0,,,,,,226
LIT_93F668B13993016A,B,B_02,https://pubs.rsc.org/en/content/articlepdf/2021/ma/d0ma00826e,legal_oa,queued,0,,,,,,227
LIT_00B1AFE15BF0DB4E,B,B_02,https://www.mdpi.com/2079-4991/14/9/763/pdf?version=1714123786,legal_oa,queued,0,,,,,,228
LIT_46BBBCD86D612E63,B,B_02,https://link.springer.com/content/pdf/10.1007/s11434-011-4919-8.pdf,legal_oa,queued,0,,,,,,229
LIT_C604F0126CF213E1,B,B_02,https://www.mdpi.com/2079-4991/10/6/1189/pdf?version=1592556109,legal_oa,queued,0,,,,,,230
LIT_83FA0F9754638BBF,B,B_02,https://www.intechopen.com/citation-pdf-url/43663,legal_oa,queued,0,,,,,,231
LIT_F5C87E84F498DD3B,B,B_02,https://js.vnu.edu.vn/MaP/article/download/4477/4085,legal_oa,queued,0,,,,,,232
LIT_8E0BCD20997BB34A,B,B_02,https://www.mdpi.com/2079-4991/15/19/1506/pdf?version=1759325221,legal_oa,queued,0,,,,,,233
LIT_344FFE399E594153,B,B_02,https://doi.org/10.31438/trf.hh2014.5,legal_oa,queued,0,,,,,,234
LIT_57766B564B7B2939,B,B_02,https://www.jstage.jst.go.jp/article/jcersj2/122/1423/122_JCSJ-P13191/_pdf,legal_oa,queued,0,,,,,,235
LIT_2EBA876191708AEF,B,B_02,https://onlinelibrary.wiley.com/doi/pdfdirect/10.1002/aelm.201700212,legal_oa,queued,0,,,,,,236
LIT_0D3B0A5D40602AEC,B,B_02,https://ars.els-cdn.com/content/image/1-s2.0-S0008622317301252-fx1_lrg.jpg,legal_oa,queued,0,,,,,,237
LIT_6AE6B38361FB1223,B,B_02,https://iopscience.iop.org/article/10.1088/2053-1591/ab23dc/pdf,legal_oa,queued,0,,,,,,238
LIT_F756A1633B714C68,B,B_02,https://onlinelibrary.wiley.com/doi/pdfdirect/10.1002/adfm.202301103,legal_oa,queued,0,,,,,,239
LIT_D08FBA154583BB4C,B,B_02,https://www.degruyter.com/document/doi/10.1515/gps-2020-0036/pdf,legal_oa,queued,0,,,,,,240
LIT_E94644A1EE5E65F3,B,B_02,https://www.nature.com/articles/srep01460.pdf,legal_oa,queued,0,,,,,,241
LIT_960D4EBE5F445BFD,B,B_02,https://nanoscalereslett.springeropen.com/counter/pdf/10.1186/1556-276X-6-303,legal_oa,queued,0,,,,,,242
LIT_9B4BCF02D1067EA7,B,B_02,https://ars.els-cdn.com/content/image/1-s2.0-S0925963515300686-fx1.jpg,legal_oa,queued,0,,,,,,243
LIT_C664BA1292AEC70B,B,B_02,https://pubs.acs.org/doi/pdf/10.1021/jp992328o?ref=article_openPDF,legal_oa,queued,0,,,,,,244
LIT_E030672E9652A069,B,B_02,https://link.springer.com/content/pdf/10.1186/s11671-015-1056-3.pdf,legal_oa,queued,0,,,,,,245
LIT_391FC39B08AD38A9,B,B_02,https://arxiv.org/pdf/0712.0748,legal_oa,queued,0,,,,,,246
LIT_D768C710BBC4672C,B,B_03,https://link.springer.com/content/pdf/10.1007/s11581-022-04567-7.pdf,legal_oa,queued,0,,,,,,247
LIT_B917C9617169F443,B,B_03,https://www.mdpi.com/2073-4360/15/10/2309/pdf?version=1685008324,legal_oa,queued,0,,,,,,248
LIT_6698766A719789BA,B,B_03,http://eprints.usm.my/45900/1/Rainfall%20Reflectivity%20Relationship%20For%20Rainfall%20Nowcasting%20In%20Northern%20Region%20Of%20Peninsular%20Malaysia.pdf,legal_oa,queued,0,,,,,,249
LIT_409855455BD0EF02,B,B_03,https://downloads.hindawi.com/archive/2012/985834.pdf,legal_oa,queued,0,,,,,,250
LIT_100F0D7F77E9D6BE,B,B_03,https://dr.ntu.edu.sg/bitstream/10356/94431/1/One-step%20growth%20of%20graphene-carbon.pdf,legal_oa,queued,0,,,,,,251
LIT_D5A7DC6884295789,B,B_03,https://lirias.kuleuven.be/bitstream/123456789/485736/1/niels%20de%20greef%20jan%202015.pdf,legal_oa,queued,0,,,,,,252
LIT_4B17E877536A6E0E,B,B_03,https://doi.org/10.1021/acs.analchem.5b01257,legal_oa,queued,0,,,,,,253
LIT_E88F2527485B87CB,B,B_03,https://openresearch-repository.anu.edu.au/bitstreams/7c8d4b9d-474b-4ccd-9583-ed421ccb9eb9/download,legal_oa,queued,0,,,,,,254
LIT_E7868486310B8B49,B,B_03,http://dx.doi.org/10.36348/sjet.2024.v09i02.005,legal_oa,queued,0,,,,,,255
LIT_E9BE1E06A502226C,B,B_03,https://mnsl-journal.springeropen.com/track/pdf/10.1186/s40486-019-0091-8,legal_oa,queued,0,,,,,,256
LIT_F131336078B20564,B,B_03,https://publications.aston.ac.uk/id/eprint/37295/1/Ceramic_paper_after_review_final_clean_version.pdf,legal_oa,queued,0,,,,,,257
LIT_25D339F1DCC67CED,B,B_03,https://pureadmin.qub.ac.uk/ws/files/227196611/CNTs_sphere_final_clean_1_.pdf,legal_oa,queued,0,,,,,,258
LIT_1D9479E2BC5CDCEF,B,B_03,https://purehost.bath.ac.uk/ws/files/187769415/DLW_EnergyTechnology_pure.pdf,legal_oa,queued,0,,,,,,259
LIT_02AF728DA15F27C8,B,B_03,https://downloads.hindawi.com/archive/2013/785160.pdf,legal_oa,queued,0,,,,,,260
LIT_B2A95C43943561F3,B,B_03,https://www.ajol.info/index.php/bcse/article/download/163103/152601,legal_oa,queued,0,,,,,,261
LIT_9181CCCE7A19C985,B,B_03,https://journals.plos.org/plosone/article/file?id=10.1371/journal.pone.0157264&type=printable,legal_oa,queued,0,,,,,,262
LIT_C675F16F08B52B41,B,B_03,https://link.springer.com/content/pdf/10.1186/1556-276X-6-92.pdf,legal_oa,queued,0,,,,,,263
LIT_85779E66B8B0D55E,B,B_03,https://www.frontiersin.org/articles/10.3389/fmats.2020.00068/pdf,legal_oa,queued,0,,,,,,264
LIT_5F800A5B465A9A10,B,B_03,https://downloads.hindawi.com/journals/jnm/2013/105145.pdf,legal_oa,queued,0,,,,,,265
LIT_D1DCD57210281936,B,B_03,https://link.springer.com/content/pdf/10.1007/s13204-017-0549-z.pdf,legal_oa,queued,0,,,,,,266
LIT_409E04302856FA93,B,B_03,https://dergipark.org.tr/en/download/article-file/1036259,legal_oa,queued,0,,,,,,267
LIT_E047BBA44C22AA22,B,B_03,https://journal.gnest.org/sites/default/files/Submissions/gnest_03160/gnest_03160_published.pdf,legal_oa,queued,0,,,,,,268
LIT_4DC70416A368D5D9,B,B_03,https://doi.org/10.26480/wcm.01.2023.01.05,legal_oa,queued,0,,,,,,269
LIT_67985E400631689A,B,B_03,https://www.mdpi.com/2079-4991/11/10/2649/pdf?version=1634560823,legal_oa,queued,0,,,,,,270
LIT_0F8A9B8B6958092B,B,B_03,http://ect-journal.kz/index.php/ectj/article/download/719/643,legal_oa,queued,0,,,,,,271
LIT_5925FB1BAD7692D5,B,B_03,https://content.scirp.org/pdf/gsc_2013022613140901.pdf,legal_oa,queued,0,,,,,,272
LIT_2771CADE088A800B,B,B_03,https://eprints.whiterose.ac.uk/168391/3/AS%20RE-SUBMITTED%20-%20CLEAN%20COPY.pdf,legal_oa,queued,0,,,,,,273
LIT_813518FD8F70708B,B,B_03,https://dr.ntu.edu.sg/bitstream/10356/148825/6/Taguchi%20optimization%20design%20of%20diameter-controlled%20synthesis%20of%20multi%20walled%20carbon%20nanotubes%20for%20the%20adsorption%20of%20Pb%28II%29%20and%20Ni%28II%29%20from%20chemical%20industry%20wastewater.pdf,legal_oa,queued,0,,,,,,274
LIT_0CF79BCC68CC6093,B,B_03,https://www.mdpi.com/1424-8220/10/8/7705/pdf?version=1403312890,legal_oa,queued,0,,,,,,275
LIT_0C298FD36DDDBFF2,B,B_03,https://pureadmin.qub.ac.uk/ws/files/218069681/Value.pdf,legal_oa,queued,0,,,,,,276
LIT_506EF40D21FFF36D,B,B_03,https://nanoscalereslett.springeropen.com/track/pdf/10.1186/s11671-019-2947-5,legal_oa,queued,0,,,,,,277
LIT_6FEC071CEFE62FA5,B,B_03,https://repository.library.northeastern.edu/files/neu:1661/fulltext.pdf,legal_oa,queued,0,,,,,,278
LIT_6048271303BD7143,B,B_03,https://www.mdpi.com/1420-3049/30/9/1903/pdf?version=1745504091,legal_oa,queued,0,,,,,,279
LIT_E41C8A74DB04211B,B,B_03,https://dr.ntu.edu.sg/bitstream/10356/87518/1/accepted%20version.pdf,legal_oa,queued,0,,,,,,280
LIT_2220A162F1244DB9,B,B_03,https://catalog.lib.kyushu-u.ac.jp/opac_download_md/2328409/Pages_85-91.pdf,legal_oa,queued,0,,,,,,281
LIT_A51E66EB3D1E73F8,B,B_03,http://www.scielo.br/pdf/bjce/v36n4/0104-6632-bjce-36-04-1587.pdf,legal_oa,queued,0,,,,,,282
LIT_8A5EA97C89EE7A6D,B,B_03,https://pubs.rsc.org/en/content/articlepdf/2023/na/d3na00192j,legal_oa,queued,0,,,,,,283
LIT_954C0D690A6F7711,B,B_03,https://www.nature.com/articles/s41378-024-00672-x.pdf,legal_oa,queued,0,,,,,,284
LIT_91BE111AC6247FA8,B,B_03,https://pubs.acs.org/doi/pdf/10.1021/acsomega.5c03084?ref=article_openPDF,legal_oa,queued,0,,,,,,285
LIT_78EFAE4A3634EB99,B,B_03,https://www.mdpi.com/2076-3417/10/23/8622/pdf?version=1606963758,legal_oa,queued,0,,,,,,286
LIT_D9E7D62D45CA810F,B,B_03,https://hdl.handle.net/2027.42/109009,legal_oa,queued,0,,,,,,287
LIT_BD9F1C16BFFB2240,B,B_03,https://linkinghub.elsevier.com/science/article/pii/S0009261498013049,legal_oa,queued,0,,,,,,288
LIT_BA98BD2B2E18D020,B,B_03,https://www.nature.com/articles/s41467-022-33496-2.pdf,legal_oa,queued,0,,,,,,289
LIT_30EB7F5486EDCFA6,B,B_03,https://pubs.rsc.org/en/content/articlepdf/2015/ra/c5ra21017h,legal_oa,queued,0,,,,,,290
LIT_65C8BD1BF4B591DD,B,B_03,https://www.nature.com/articles/ncomms11160.pdf,legal_oa,queued,0,,,,,,291
LIT_9BF29CD82E334367,B,B_03,https://onlinelibrary.wiley.com/doi/pdfdirect/10.1002/adfm.201501882,legal_oa,queued,0,,,,,,292
LIT_D5BD8BD50A4E57A2,B,B_03,https://link.springer.com/content/pdf/10.1007/s12274-009-9050-7.pdf,legal_oa,queued,0,,,,,,293
LIT_1E15BC8013D45B19,B,B_03,https://link.springer.com/content/pdf/10.1186/s11671-015-0970-8.pdf,legal_oa,queued,0,,,,,,294
LIT_2AF904451035F138,B,B_03,http://nanojournal.ifmo.ru/en/wp-content/uploads/2018/02/NPCM91P92-94.pdf,legal_oa,queued,0,,,,,,295
LIT_15A87F4012281BA5,B,B_03,https://ars.els-cdn.com/content/image/1-s2.0-S1385894717315723-fx1_lrg.jpg,legal_oa,queued,0,,,,,,296
LIT_F06BC85125BF3C0E,B,B_04,https://www.sciencedirect.com/science/article/pii/S0926860X03009712,legal_oa,queued,0,,,,,,297
LIT_308D1442E521B6DD,B,B_04,https://hal.science/hal-00857439v1/file/Suvaci_8724.pdf,legal_oa,queued,0,,,,,,298
LIT_35577E37A51DAB17,B,B_04,https://ars.els-cdn.com/content/image/1-s2.0-S0008622310006354-fx1.jpg,legal_oa,queued,0,,,,,,299
LIT_4B3D3C5CD3B8D731,B,B_04,https://dr.ntu.edu.sg/bitstream/10356/103919/1/carbon-July2013_edited.pdf,legal_oa,validated,3,data/raw/fulltext/pdf/LIT_4B3D3C5CD3B8D731_0f7ac68e27d0.pdf,0f7ac68e27d09b3b6d0d1f55ee0aa599cf3ea8bea2d8c5d3fde0e04c803f5d7b,success,candidate_extract,,300
LIT_6E3602008C65FB95,B,B_04,https://hal.science/hal-04698778/document,legal_oa,queued,0,,,,,,301
LIT_25AA283F6C91E22D,B,B_04,https://link.springer.com/content/pdf/10.1007/11758532_19.pdf,legal_oa,queued,0,,,,,,302
LIT_A9A82DF408ABD330,B,B_04,http://rua.ua.es/dspace/bitstream/10045/73733/7/2018_Arnaiz_etal_JAAP_accepted.pdf,legal_oa,queued,0,,,,,,303
LIT_60168627B3641616,B,B_04,https://www.nature.com/articles/ncomms2205.pdf,legal_oa,queued,0,,,,,,304
LIT_726BE13C316642AE,B,B_04,https://www.osti.gov/servlets/purl/1177266,legal_oa,queued,0,,,,,,305
LIT_E9E787428CFD3649,B,B_04,https://www.osti.gov/servlets/purl/2005057,legal_oa,queued,0,,,,,,306
LIT_D1AF7614B5E2F098,B,B_04,https://research.aalto.fi/en/publications/35b03c7a-7c49-418c-b364-f95e04a3635a,legal_oa,validated,3,data/raw/fulltext/pdf/LIT_D1AF7614B5E2F098_5a64f3a7f32e.pdf,5a64f3a7f32e4167cf38c9507f19c147ab13a3d9dc0ad0d3e416716aa38fe0c7,success,candidate_extract,,307
LIT_F140D55ED8245E17,B,B_04,https://www.osti.gov/servlets/purl/2005114,legal_oa,queued,0,,,,,,308
LIT_3967054FF81F5C51,B,B_04,https://ars.els-cdn.com/content/image/1-s2.0-S0032591014005634-fx1.jpg,legal_oa,queued,0,,,,,,309
LIT_2CBDCDC33D48CCD2,B,B_04,https://www.sciencedirect.com/science/article/pii/S0008622311003423,legal_oa,queued,0,,,,,,310
LIT_EF0ECEC3F553B5E2,B,B_04,https://link.springer.com/content/pdf/10.1007/s42823-025-00984-6.pdf,legal_oa,queued,0,,,,,,311
LIT_EC90CFDB47F2377F,B,B_04,https://doi.org/10.1016/j.egypro.2017.12.082,legal_oa,validated,2,data/raw/fulltext/pdf/LIT_EC90CFDB47F2377F_7f45b54b9dca.pdf,7f45b54b9dcadb03563cb199fe134480121d11524e44c07930f40ef3cede05e2,success,candidate_extract,,312
LIT_8AF8B4DBFDD89066,B,B_04,https://pure.qub.ac.uk/en/publications/f481c961-5883-4f62-91a7-ba564277e3f7,legal_oa,queued,0,,,,,,313
LIT_66DB00E917C24EAC,B,B_04,https://doi.org/10.1021/acssuschemeng.1c07776,legal_oa,queued,0,,,,,,314
LIT_B3A4C977965467B8,B,B_04,https://doi.org/10.1007/s00604-025-06982-9,legal_oa,queued,0,,,,,,315
LIT_C796C90CE83D720F,B,B_04,https://www.semanticscholar.org/paper/d511d2b1b155b0803d92fc7d33bb1c523abc66d1,landing_page_only,queued,0,,,,,,378
LIT_91BA7C9983D4F293,B,B_04,https://www.semanticscholar.org/paper/2c965150f3eabc483e9669153f717953a806d987,landing_page_only,queued,0,,,,,,379
LIT_4DB31A8DF49838FD,B,B_04,https://www.semanticscholar.org/paper/c30da78fc14261179edfaa5f07bb7b3c6221d7b2,landing_page_only,queued,0,,,,,,380
LIT_1989A8158DE5D3A4,B,B_04,https://www.semanticscholar.org/paper/366924ff289e161fa2cb771f92d7df9532126429,landing_page_only,queued,0,,,,,,381
LIT_1A5A05B8927C8E4C,B,B_04,https://www.semanticscholar.org/paper/5ffb16c8fd6056e45d5ea8852afded6826f996d2,landing_page_only,queued,0,,,,,,382
LIT_97FFAA43291D643E,B,B_04,https://www.semanticscholar.org/paper/9379bc3015e507b30697ed830b326778168ced87,landing_page_only,queued,0,,,,,,383
LIT_FB38C26D42DE0FCA,B,B_04,https://www.semanticscholar.org/paper/cf1512a940e50dcf358ea419a7bfe67c49ddf25f,landing_page_only,queued,0,,,,,,384
LIT_416FD8E21FE3C02D,B,B_04,https://www.semanticscholar.org/paper/83fdcdd134f09698588f235d11414e03767510ab,landing_page_only,queued,0,,,,,,385
LIT_CE146658D041D2DF,B,B_04,https://www.semanticscholar.org/paper/06a665b4b6021fc81936122d3b2d23d50a065508,landing_page_only,queued,0,,,,,,386
LIT_3CE8DF505E5824DB,B,B_04,https://www.semanticscholar.org/paper/c9e05e1d7d0a221ab17243eafdf22a62de622766,landing_page_only,queued,0,,,,,,387
LIT_703A0B257DBC2BAB,B,B_04,https://www.semanticscholar.org/paper/f2e3745c038b29b3d97abf2b15cf9d5ab3f0afb6,landing_page_only,queued,0,,,,,,388
LIT_0EECCAA1F1A6F162,B,B_04,https://www.semanticscholar.org/paper/57dee2ef2ee5f959c42d1c1842c4271c80e265e2,landing_page_only,queued,0,,,,,,389
LIT_3610F8E3686F4AB8,B,B_04,https://www.semanticscholar.org/paper/7a386fa1caae7b7f9bfb9f87beea0fdda9a374bd,landing_page_only,queued,0,,,skipped,needs_fulltext_review,,390
LIT_293FC8F0A0E8CDFC,B,B_04,https://www.semanticscholar.org/paper/c4545589fa353712940b08406839c5e7800655d2,landing_page_only,queued,0,,,,,,391
LIT_58E15775B90B7083,B,B_04,https://www.semanticscholar.org/paper/9b6895d20cee3fb666d3005bfa0384b26b4c029f,landing_page_only,queued,0,,,,,,392
LIT_E2FE7711CB2E0627,B,B_04,https://www.semanticscholar.org/paper/d5e34593d6652512250ba6f04ad962e7ac299d83,landing_page_only,queued,0,,,,,,393
LIT_813F7E1413FCA087,B,B_04,https://www.semanticscholar.org/paper/2cd425bdbcb170f9e020f9f1fde19ad2d3481e19,landing_page_only,queued,0,,,,,,394
LIT_BD4EB81F96BE4EFC,B,B_04,https://www.semanticscholar.org/paper/551354edff7fb428d71791a1b8ad52eb0ca6641f,landing_page_only,queued,0,,,skipped,needs_fulltext_review,,395
LIT_3BD8E7F0666A1065,B,B_04,https://www.semanticscholar.org/paper/398295aaa7e9716c4722eb08e0b843d95373f2e4,landing_page_only,queued,0,,,,,,396
LIT_3FE16BB9130B9B6B,B,B_04,https://www.semanticscholar.org/paper/ea3318587d16b8fffb00a182cb3a7c99e245094f,landing_page_only,queued,0,,,,,,397
LIT_1F2E078B78D84356,B,B_04,https://www.semanticscholar.org/paper/689528a286e5132658cefc3ed64c4bf69dced92e,landing_page_only,queued,0,,,,,,398
LIT_DD8F9900B35A354B,B,B_04,https://www.semanticscholar.org/paper/1d8d39d925709540a7dd61925b2b214cfdaceeea,landing_page_only,queued,0,,,,,,399
LIT_E33BC1BE8D838CD9,B,B_04,https://www.semanticscholar.org/paper/6b6ca3bfdd24b963a497d577f580f3ab6b60742d,landing_page_only,queued,0,,,,,,400
LIT_88C7BB8A06E6CB10,B,B_04,https://www.semanticscholar.org/paper/cafce3c55f7399215c605441083e6130b8f46841,landing_page_only,queued,0,,,,,,401
LIT_CFE3352A46ABCF73,B,B_04,https://www.semanticscholar.org/paper/ac85baf153e1abc97aebadbbaea19385570c8276,landing_page_only,queued,0,,,,,,402
LIT_E3253FD46E1A8891,B,B_04,https://www.semanticscholar.org/paper/70a361ad23ca02d6f706331f788f5432421407e6,landing_page_only,queued,0,,,,,,403
LIT_558265B96B288DD6,B,B_04,https://www.semanticscholar.org/paper/18707c22bc856098017af771ea53f1f7b4b1d75f,landing_page_only,queued,0,,,,,,404
LIT_05D839AD2AB19B80,B,B_04,https://www.semanticscholar.org/paper/6a3a9b821a6b61ef9603c98aac53f9839addfab7,landing_page_only,queued,0,,,,,,405
LIT_87C4525AF1E3700D,B,B_04,https://www.semanticscholar.org/paper/5287d84ae09c5177cbacffe02649a809e0bcdb4b,landing_page_only,queued,0,,,,,,406
LIT_A1CB805055385140,B,B_04,https://www.semanticscholar.org/paper/fa52d4fd4001d1f5a7c6a9df1080c19876ed4f42,landing_page_only,queued,0,,,,,,407
LIT_5063D371BC49F7B3,B,B_04,https://www.semanticscholar.org/paper/11fbeb06f8ec3ac0472786cf5bd30a4106453deb,landing_page_only,queued,0,,,,,,408
LIT_C2F8773E9C88D5A3,B,B_05,https://www.semanticscholar.org/paper/577cbee047510b7023a3beab32ae8b525c8f78ef,landing_page_only,queued,0,,,,,,409
LIT_20A707284A0175F1,B,B_05,https://www.semanticscholar.org/paper/12c0c586ca0a5aac16480f84b78b4778045d0d6f,landing_page_only,queued,0,,,,,,410
LIT_E673BE9955A2682E,B,B_05,https://www.semanticscholar.org/paper/3440a4413f2521ce5a4b490ff1451c155d806829,landing_page_only,queued,0,,,,,,411
LIT_EFF5794703F7F89B,B,B_05,https://www.semanticscholar.org/paper/76db120d47f4340a9fd8e03fa21644fe2ffb6521,landing_page_only,queued,0,,,,,,412
LIT_051E5733F189FC21,B,B_05,https://www.semanticscholar.org/paper/a4ac36f7d2a8b5a9f87f5d1a84d45da5195e006c,landing_page_only,queued,0,,,,,,413
LIT_8F4BD674700F4AFE,B,B_05,https://www.semanticscholar.org/paper/ad3c46d26c3ad4b5c31d8b1fc61608e8f0e7a330,landing_page_only,queued,0,,,,,,414
LIT_EDF08E16FCA31778,B,B_05,https://www.semanticscholar.org/paper/a100c09d5bbe8f924c9353c50fe420532c8ec4dd,landing_page_only,queued,0,,,,,,415
LIT_D99A68614F205971,B,B_05,https://www.semanticscholar.org/paper/b92349c954b40cd61fccc7f2c2ad2b71bb75a5b4,landing_page_only,queued,0,,,,,,416
LIT_D538437F1A3ADD24,B,B_05,https://www.semanticscholar.org/paper/40b5fe5a281cac0603f2e82b6c6324da8fba6411,landing_page_only,queued,0,,,,,,417
LIT_55062C89E558DA55,B,B_05,https://www.semanticscholar.org/paper/35a8e3ab497f7202059fb2aef00df37655b2221c,landing_page_only,queued,0,,,,,,418
LIT_F9ED998ABDEA5011,B,B_05,https://www.semanticscholar.org/paper/8be091ae6502b7be09ae566ee93bf53bcbefe9ea,landing_page_only,queued,0,,,,,,419
LIT_D02B7E086A8ACC6B,B,B_05,https://www.semanticscholar.org/paper/f6f680c1c41bf9a9f3d15db2604719dcde5d88c9,landing_page_only,queued,0,,,,,,420
LIT_6F638860EEDBF30B,B,B_05,https://www.semanticscholar.org/paper/520d205b36a0f2d1caf78585087b56124ce8fbbe,landing_page_only,queued,0,,,,,,421
LIT_9D9EDA2852444591,B,B_05,https://www.semanticscholar.org/paper/249cb615622f5d30e7dd1bfe29e30027b24308b5,landing_page_only,queued,0,,,,,,422
LIT_B75E01042D4C61B8,B,B_05,https://research.monash.edu/en/publications/optimized-parameters-for-carbon-nanotubes-synthesis-over-fe-and-n,landing_page_only,queued,0,,,,,,423
LIT_B70B8CB965104288,B,B_05,https://www.semanticscholar.org/paper/3c1734bf6a3735a18b2bef19fd686ef874b1d4a1,landing_page_only,queued,0,,,,,,424
LIT_816318C012694AE7,B,B_05,https://www.semanticscholar.org/paper/cbaa66e68af1594098aad2af1b9fddcf2adc9213,landing_page_only,queued,0,,,,,,425
LIT_1DE84982FB5B0C57,B,B_05,https://www.semanticscholar.org/paper/c2dcca5f7b04346836ab95c73183c98e614d7a2c,landing_page_only,queued,0,,,,,,426
LIT_50AB09A66BCB7183,B,B_05,https://www.semanticscholar.org/paper/d6954c01a856a3408099a445fa39d45c92c908c1,landing_page_only,queued,0,,,,,,427
LIT_2ABDD57B430E9DCE,B,B_05,https://www.semanticscholar.org/paper/8c6b6ba94b542737003d3b9d76a13778220f88fe,landing_page_only,queued,0,,,,,,428
LIT_78EB1816652EFEFF,B,B_05,https://www.semanticscholar.org/paper/4189b428f804932a6bbdcbdd1604b47615fe4af1,landing_page_only,queued,0,,,,,,429
LIT_B6488B8B0C2B42E3,B,B_05,https://www.semanticscholar.org/paper/328ea8a860922f394be90128921949c79a69e89c,landing_page_only,queued,0,,,,,,430
LIT_CA64959AFAC1596A,B,B_05,https://www.semanticscholar.org/paper/8487823fcff81bff41a988b0421894ce59366554,landing_page_only,queued,0,,,,,,431
LIT_4312AD03454FB569,B,B_05,https://www.semanticscholar.org/paper/d6477c1ffa6881461f8ecb1500af1a545b857095,landing_page_only,queued,0,,,,,,432
LIT_FC003A143C14CF13,B,B_05,https://www.semanticscholar.org/paper/82bc424865294f934981d61526a1f09162f755bd,landing_page_only,queued,0,,,,,,433
LIT_20A5645BCD24A19F,B,B_05,https://www.semanticscholar.org/paper/4c298e218a5dbe360f6058fa96d16696913dd24a,landing_page_only,queued,0,,,,,,434
LIT_A3EADB2F842D10A0,B,B_05,https://www.semanticscholar.org/paper/56a369b1f51db0c3fa82b216fe696230ff6cc0ec,landing_page_only,queued,0,,,,,,435
LIT_92520D0AE0B9E29B,B,B_05,https://www.semanticscholar.org/paper/0477738357eb2933e5310c0ec15cf86cc7517028,landing_page_only,queued,0,,,,,,436
LIT_D15CCE96B89C101C,B,B_05,https://www.semanticscholar.org/paper/a2c5e3e8c5229bed589ad5661f908a645b380e9f,landing_page_only,queued,0,,,,,,437
LIT_749D749DC287E257,B,B_05,https://www.semanticscholar.org/paper/3c563c84c58479e4ec95b286f4a1b51129ed1033,landing_page_only,queued,0,,,,,,438
LIT_D68DBE175F0D6F4A,B,B_05,https://www.semanticscholar.org/paper/371704786bf3e774ec6ad9e1db07d06539f05cf0,landing_page_only,queued,0,,,,,,439
LIT_C20021395E0B2CAE,B,B_05,https://www.semanticscholar.org/paper/fc41c7564f2f27e8ba4a92d02bf667d0a31a1a7f,landing_page_only,queued,0,,,,,,440
LIT_9AF69CFA964617B3,B,B_05,https://www.semanticscholar.org/paper/e5c6b83f29fd6150d5221c39aa08a2b4eba06965,landing_page_only,queued,0,,,,,,441
LIT_A0BAC17944D89952,B,B_05,https://www.semanticscholar.org/paper/e0b71fad61c7670419c7f2d65ef583740324285f,landing_page_only,queued,0,,,,,,442
LIT_AAB0B3FE1C22DA85,B,B_05,https://www.semanticscholar.org/paper/c9efc01feb0139a3bb8799ab050f8683422e324e,landing_page_only,queued,0,,,,,,443
LIT_B131488D5C73DDCA,B,B_05,https://www.semanticscholar.org/paper/6ab71553486d1d5d526504b4c527e2869d1aeb55,landing_page_only,queued,0,,,,,,444
LIT_03486C8855010A7C,B,B_05,https://www.semanticscholar.org/paper/05598c271c24fb86fb4b7a50336771b8ab4fd079,landing_page_only,queued,0,,,,,,445
LIT_38B0181367C4892E,B,B_05,https://www.semanticscholar.org/paper/86df4ef81695fe9da226d699af3c948332631915,landing_page_only,queued,0,,,,,,446
LIT_94B6A79AA3C533E6,B,B_05,https://www.semanticscholar.org/paper/4d9cafac0adb2f855b9ffaa857d78e126052aa56,landing_page_only,queued,0,,,,,,447
LIT_A8D79B829DB73E2D,B,B_05,https://www.semanticscholar.org/paper/be788420e6d444bd3d8459eadc1853eacd421ce7,landing_page_only,queued,0,,,,,,448
LIT_E2B9EA84E3DC4B68,B,B_05,https://www.semanticscholar.org/paper/2f53a6d6a7833d2711125bd51c326370204fa191,landing_page_only,queued,0,,,,,,449
LIT_411D6698564096AF,B,B_05,https://www.semanticscholar.org/paper/a78223126bc34b0e5eb5e0c4786eef72ff05aa7d,landing_page_only,queued,0,,,,,,450
LIT_837F9B27F63EF7E6,B,B_05,https://www.semanticscholar.org/paper/c2cb498acb23bae6ad8c133e26e725ba1f812990,landing_page_only,queued,0,,,,,,451
LIT_FF2D2C95BB33BCD2,B,B_05,https://www.semanticscholar.org/paper/a2e3680007482ee8d6888c834198e92892d9e1d4,landing_page_only,queued,0,,,,,,452
LIT_AB94BD76A41633B9,B,B_05,https://www.semanticscholar.org/paper/e5c77e4c534a2eae445957461391da36f4b3ad84,landing_page_only,queued,0,,,,,,453
LIT_70E08630EBA6C334,B,B_05,https://www.semanticscholar.org/paper/2f8da1bb21d71532c35e92d60079cf4a08c9cee6,landing_page_only,queued,0,,,,,,454
LIT_C44C810DDCC6249A,B,B_05,https://www.semanticscholar.org/paper/a93e5dbdb4bceb46b87671dc7ba7598c3b0a3fdf,landing_page_only,queued,0,,,,,,455
LIT_802F10DD49811CE8,B,B_05,https://www.semanticscholar.org/paper/22d92d3f16ec8f1767014b0373dff77a1b0094e4,landing_page_only,queued,0,,,,,,456
LIT_494B4CC4BCCEA422,B,B_05,https://www.semanticscholar.org/paper/e69eb72ea0a7bc1b3da9115858822f0c249329c5,landing_page_only,queued,0,,,,,,457
LIT_E7BACF0BF0D892E6,B,B_05,https://www.semanticscholar.org/paper/404485c27b623f3f3dcfd2d0660529bb333fd9bc,landing_page_only,queued,0,,,,,,458
LIT_47FCC8AC91160731,B,B_06,https://www.semanticscholar.org/paper/31037b0d961d829b910039ea2b989b139f230e26,landing_page_only,queued,0,,,,,,459
LIT_4F6F5BA7876CEB10,B,B_06,https://www.semanticscholar.org/paper/ee5b311883507b3f696ebf2b606e32fd6ea414bc,landing_page_only,queued,0,,,,,,460
LIT_880B734E1B839814,B,B_06,https://www.semanticscholar.org/paper/7660f1e0510ed766cd01fa58d0c064dc843a374c,landing_page_only,queued,0,,,,,,461
LIT_2DC6C15873B2C1BC,B,B_06,https://www.semanticscholar.org/paper/fd1404debd5a200b0b248d9c0e7b1d42e14caa47,landing_page_only,queued,0,,,,,,462
LIT_5AD76A8418E33E41,B,B_06,https://www.semanticscholar.org/paper/f533f0b91b1b01ddf0f9bceffba85faf1d88efba,landing_page_only,queued,0,,,,,,463
LIT_A9F87071BD8CFB40,B,B_06,https://www.semanticscholar.org/paper/b8976fc65eab61010f67221bd4a4f812e953d132,landing_page_only,queued,0,,,,,,464
LIT_9BE9453F7EC5FC49,B,B_06,https://www.semanticscholar.org/paper/abca917c8074d67bd456d43ff275d04a5e3a38d8,landing_page_only,queued,0,,,,,,465
LIT_46E185E6AAADE8A0,B,B_06,https://www.semanticscholar.org/paper/57b22b3f84b60c8221a4210f3c4f474f9c648595,landing_page_only,queued,0,,,,,,466
LIT_8FF7FE47C914688C,B,B_06,https://www.semanticscholar.org/paper/a4719df61f2ec01cab2c0ff78d95ce884ba072ed,landing_page_only,queued,0,,,,,,467
LIT_FD2A945F2511E9CD,B,B_06,https://www.semanticscholar.org/paper/b0b433d3c05a3378e5ffeab2fe96d5b6e7f3a3dd,landing_page_only,queued,0,,,,,,468
LIT_4D639D19738E0BFD,B,B_06,https://www.semanticscholar.org/paper/eb46413707e275682d70abd0d88370e9de056954,landing_page_only,queued,0,,,,,,469
LIT_A13928DA1ACFB5DB,B,B_06,https://www.semanticscholar.org/paper/ce52df1930bd36d0d78e1d363b9e55289128d658,landing_page_only,queued,0,,,,,,470
LIT_1C619CDD745C45B4,B,B_06,https://www.semanticscholar.org/paper/fabaea170379a417c88c0c05e4433026b89042fe,landing_page_only,queued,0,,,,,,471
LIT_03E8C349BB2F5C13,B,B_06,https://www.semanticscholar.org/paper/9ca37f0d7dd3426d84fa1dd74a627a634fa02514,landing_page_only,queued,0,,,,,,472
LIT_A56FAD3603F46ECD,B,B_06,https://www.semanticscholar.org/paper/9014dab5c7f096c2c36887dc79197a2ce1a16bd1,landing_page_only,queued,0,,,,,,473
LIT_AE57FF3ACD60FFC8,B,B_06,https://www.semanticscholar.org/paper/5099f4ed9f6ca85d279894cacab70ed332ee7e34,landing_page_only,queued,0,,,,,,474
LIT_A9AA1B339657305F,B,B_06,https://www.semanticscholar.org/paper/e2d0d0e37791628f830ff9c8112d13aae4177c89,landing_page_only,queued,0,,,,,,475
LIT_85FE097810FA99BA,B,B_06,https://www.semanticscholar.org/paper/43cbef2e2f28bb326f7dd77bc24ded8db210cfc0,landing_page_only,queued,0,,,,,,476
LIT_291A8198AB3DC54F,B,B_06,https://www.semanticscholar.org/paper/2e5f343731463f86c734111edcaf068d7a6e8e61,landing_page_only,queued,0,,,,,,477
LIT_471C7630A848E30E,B,B_06,https://www.semanticscholar.org/paper/bb1d9ce631ef2c5f497c7472756c16a5ac7e7649,landing_page_only,queued,0,,,,,,478
LIT_CC2660A90D294E1A,B,B_06,https://www.semanticscholar.org/paper/02fe2ee5f0a87aab7af3503171692d095428d538,landing_page_only,queued,0,,,,,,479
LIT_DFFAEE8CABDBD725,B,B_06,https://www.semanticscholar.org/paper/43a1e972034f5e485f8a6daabdbd2c2732127bc8,landing_page_only,queued,0,,,,,,480
LIT_E704D04D37975FBA,B,B_06,https://www.semanticscholar.org/paper/04fbd3d77ea979bed53e8a9e410445c35089610b,landing_page_only,queued,0,,,,,,481
LIT_6594D0DC35B4920E,B,B_06,https://www.semanticscholar.org/paper/b6d88e084a2de73401d861821989cfd28d6aa090,landing_page_only,queued,0,,,,,,482
LIT_09DE05D9DAB7D3E6,B,B_06,https://www.semanticscholar.org/paper/e9a6d998e0fcb99df04034064cc7b88080ce5358,landing_page_only,queued,0,,,,,,483
LIT_341A753B416AECAC,B,B_06,https://www.semanticscholar.org/paper/740a897b4c4cced5eb8ba06381b8247596ce7bef,landing_page_only,queued,0,,,,,,484
LIT_60A96038E3125B84,B,B_06,https://www.semanticscholar.org/paper/ec9b24b630e80814ee97b000a4566021a87b56c9,landing_page_only,queued,0,,,,,,485
LIT_BFD9D09A3423EDBE,B,B_06,https://www.semanticscholar.org/paper/958a1e1354c702e2026af2f4a8e9b33fb146288d,landing_page_only,queued,0,,,,,,486
LIT_C2DAC52EBFBD6DFB,B,B_06,https://www.semanticscholar.org/paper/0d804ca96cce3e6b2019e0065c90f75bebccc8e2,landing_page_only,queued,0,,,,,,487
LIT_FFCC0667CADD58AA,B,B_06,https://www.semanticscholar.org/paper/26025250e4641fdc6b3bc7612ef65d5c37d0d5b9,landing_page_only,queued,0,,,,,,488
LIT_5A9003C126293D05,B,B_06,https://www.semanticscholar.org/paper/351e6dac184f073b88042b92658fa59b951cd758,landing_page_only,queued,0,,,,,,489
LIT_C4D3A23330DA5BF0,B,B_06,https://www.semanticscholar.org/paper/4419c5edfd7ea74ea84a71896e085d41d7edcaac,landing_page_only,queued,0,,,,,,490
LIT_B22D503F56E18B17,B,B_06,https://www.semanticscholar.org/paper/9e340a1f5a39590d3a778822f04ac7e9b41e753e,landing_page_only,queued,0,,,,,,491
LIT_203739D71AB760A1,B,B_06,https://www.semanticscholar.org/paper/1c57e3890940b9c08868c21d743a99760f0cb6a3,landing_page_only,queued,0,,,,,,492
LIT_0C04022D9FE0B603,B,B_06,https://www.semanticscholar.org/paper/bd1e5901068a8a4d0004cb6a0b3ca6f03f21c6fd,landing_page_only,queued,0,,,,,,493
LIT_171C951D25BD1D2D,B,B_06,https://www.semanticscholar.org/paper/8f0ab85ac9ae3ca116b598108bd10300833fa7be,landing_page_only,queued,0,,,,,,494
LIT_EB67D23E9A4B0958,B,B_06,https://www.semanticscholar.org/paper/060ba1332a504960105377c8d219782292eb23a5,landing_page_only,queued,0,,,,,,495
LIT_319331C27D07F949,B,B_06,https://www.semanticscholar.org/paper/390c8d44212c00e2df07bdcff4c3d656ba7aab70,landing_page_only,queued,0,,,,,,496
LIT_92C3D5733CCF5A7B,B,B_06,https://www.semanticscholar.org/paper/9de85842c7f17bb320a242121e6a5c165b3d8df0,landing_page_only,queued,0,,,,,,497
LIT_D928AE5FFBE500BF,B,B_06,https://www.semanticscholar.org/paper/e933af3366e40a78a3b3b2e2286b9f30bf83e2a0,landing_page_only,queued,0,,,,,,498
LIT_B31A17F5A3C270BF,B,B_06,https://www.semanticscholar.org/paper/9ccc50dde41a5c53e69bdbf8b7e281998cef1b88,landing_page_only,queued,0,,,,,,499
LIT_4F5C95ADBD18EFC0,B,B_06,https://www.semanticscholar.org/paper/e7925dd2952dedfe46b2ee94ad3f9ab8112c2163,landing_page_only,queued,0,,,,,,500
LIT_ACABC29130F57D56,B,B_06,https://www.semanticscholar.org/paper/478425fe40105892b712910492f2adf50f8d2520,landing_page_only,queued,0,,,,,,501
LIT_BA91EF7719C533D3,B,B_06,https://www.semanticscholar.org/paper/9ac98b3232db94f75df1fc02eb2876a2a70be6a5,landing_page_only,queued,0,,,,,,502
LIT_855EE912240F81FE,B,B_06,https://www.semanticscholar.org/paper/23f43ac6ee0f1a460c51248c5707edbe470ade5e,landing_page_only,queued,0,,,,,,503
LIT_AD066BBDED87F256,B,B_06,https://www.semanticscholar.org/paper/e31cac7453483f28c285ed77605e57812c717718,landing_page_only,queued,0,,,,,,504
LIT_CA8EF69EE3204BD2,B,B_06,https://www.semanticscholar.org/paper/55428032892922f53632c3f3f83ec330e585b797,landing_page_only,queued,0,,,,,,505
LIT_6CC6B28F969ABA51,B,B_06,https://www.semanticscholar.org/paper/d91d95cd668d76779cd3a7da1682920fae0f3516,landing_page_only,queued,0,,,,,,506
LIT_1B71D104ACDD4886,B,B_06,https://www.semanticscholar.org/paper/4c7297369f6cb83ecbd11eb1552ea518913d8634,landing_page_only,queued,0,,,,,,507
LIT_609B140618627774,B,B_06,https://www.semanticscholar.org/paper/daeaf9c0e6b44252575afb60f9724c39e40f1487,landing_page_only,queued,0,,,,,,508
LIT_0A08E318F205FA7C,B,B_07,https://www.semanticscholar.org/paper/e452137062d08752b91036c1ee991661f0bbe62e,landing_page_only,queued,0,,,,,,509
LIT_DC326275D45D1306,B,B_07,https://www.semanticscholar.org/paper/3f4e49c5c2a931a3581aec4229439c06dfed6c8b,landing_page_only,queued,0,,,,,,510
LIT_4596780F2CFEE553,B,B_07,http://www.jspf.or.jp/JPFRS/PDF/Vol8/jpfrs2009_08-0539.pdf,landing_page_only,queued,0,,,,,,511
LIT_497851FDFADDDAC1,B,B_07,https://www.semanticscholar.org/paper/c3c3bbc918ceb35cad8797488beb4eded23607ef,landing_page_only,queued,0,,,,,,512
LIT_F3BF623EC36BD389,B,B_07,https://www.semanticscholar.org/paper/641fadea2db6371d5805fed404591e069c8e47b0,landing_page_only,queued,0,,,,,,513
LIT_2AAB7BCD68BB8D4D,B,B_07,https://www.semanticscholar.org/paper/3c067d664d799386a42af358d8ea4ee67ae7de49,landing_page_only,queued,0,,,,,,514
LIT_883655A44AE8A5F5,B,B_07,https://www.semanticscholar.org/paper/bfb304dd7af5a71f6d6e0eef00ae4e27c32bb9c1,landing_page_only,queued,0,,,,,,515
LIT_C36355946BADE853,B,B_07,https://doi.org/10.1016/j.carbon.2022.08.001,landing_page_only,queued,0,,,,,,516
LIT_5CBE3A32D8BAF719,B,B_07,https://www.semanticscholar.org/paper/73371818574b6172a508796e95eac7e2ab673e2c,landing_page_only,queued,0,,,,,,517
LIT_31527BAB4663AF15,B,B_07,https://www.semanticscholar.org/paper/e42771a9a9e54942d01ad25c44982f4b6f6508b9,landing_page_only,queued,0,,,,,,518
LIT_E549DC28BAA7A12B,B,B_07,https://www.semanticscholar.org/paper/c469fafb61ca6b526617fe54c1333ea583df8317,landing_page_only,queued,0,,,,,,519
LIT_6FBFAC61B0B81748,B,B_07,https://www.semanticscholar.org/paper/42f48a8f9ed8ac9edd04d171a8fd42b6cf7ffcbb,landing_page_only,queued,0,,,,,,520
LIT_F6D3EB50BDFFB042,B,B_07,https://www.semanticscholar.org/paper/f81b9281b4457e8f737deedd65b76cccb8850339,landing_page_only,queued,0,,,,,,521
LIT_D1500C06B6098349,B,B_07,https://www.semanticscholar.org/paper/73cfa88d509a6a5ee38ceb9717ff42d56b943877,landing_page_only,queued,0,,,,,,522
LIT_074A430520447668,B,B_07,https://www.semanticscholar.org/paper/55478781e5856a543094e6b553762e516c8ca98a,landing_page_only,queued,0,,,,,,523
LIT_54F61DEC2F1C7FEB,B,B_07,https://www.semanticscholar.org/paper/5d98f39affe478f11a20cd474064dc6b9d491416,landing_page_only,queued,0,,,,,,524
LIT_160EB8A233B18737,B,B_07,https://www.semanticscholar.org/paper/accbd7180dcdb2ea0f27182319f65767b49616a5,landing_page_only,queued,0,,,,,,525
LIT_EF926DE9449ED5C2,B,B_07,https://www.semanticscholar.org/paper/aa32356fc7227a1bffe7fa8ef76283205f93effc,landing_page_only,queued,0,,,,,,526
LIT_486AB35D5385C0CD,B,B_07,https://www.semanticscholar.org/paper/aac920045d21b6840338c630908bbccfda1bde0c,landing_page_only,queued,0,,,,,,527
LIT_1F7E1502476BD217,B,B_07,https://www.semanticscholar.org/paper/1b7e25e39a67d6cbe59029e5078511f2a357632a,landing_page_only,queued,0,,,,,,528
LIT_9B0B0FB036C2E296,B,B_07,https://www.semanticscholar.org/paper/0a509b1845802aae97117466437737eafd5fa16d,landing_page_only,queued,0,,,,,,529
LIT_F86FE0D0844443F8,B,B_07,https://www.semanticscholar.org/paper/e09332167e7fbbc5497ad8617e11bb1a559a6cc6,landing_page_only,queued,0,,,,,,530
LIT_9C331AA79CEAA34C,B,B_07,https://www.semanticscholar.org/paper/5e351eafb3e9361c2a6224e140cc8a4e164e7b14,landing_page_only,queued,0,,,,,,531
LIT_A1D93142855C7124,B,B_07,https://www.semanticscholar.org/paper/b93f84792c366356a4e2d535c587e5d26216cd9e,landing_page_only,queued,0,,,,,,532
LIT_44BD761C39577BCE,B,B_07,https://www.semanticscholar.org/paper/e8ed0200d91727bb7eb8afdae0d94e6d6a5de57e,landing_page_only,queued,0,,,,,,533
LIT_A8AAA5CCF3E7B17F,B,B_07,https://www.semanticscholar.org/paper/0b6296d5cf53490174e35b56f87417b1632ad922,landing_page_only,queued,0,,,,,,534
LIT_9C6807D9AE48EFCF,B,B_07,https://www.semanticscholar.org/paper/93caa6afa7acf2ad7e9c41afb1a5239a3ed15a6a,landing_page_only,queued,0,,,,,,535
LIT_DFC4B544CD48D087,B,B_07,https://www.semanticscholar.org/paper/031e8a7b0d991d033578bda795aedb02cd10729d,landing_page_only,queued,0,,,,,,536
LIT_C5C45B03D05AC7C9,B,B_07,https://www.semanticscholar.org/paper/0eab4d02898646da34f3d09c830d42dbcb12b472,landing_page_only,queued,0,,,,,,537
LIT_643C810EB3A92457,B,B_07,https://www.semanticscholar.org/paper/b624d5e25f9798fea3b26a8140ca97b7aed83d32,landing_page_only,queued,0,,,,,,538
LIT_134EEF4DB0CF22A5,B,B_07,https://www.semanticscholar.org/paper/4a8d1ffaf47b0a6accc6af17090015ae6728cac4,landing_page_only,queued,0,,,,,,539
LIT_29ED431CB9D4E128,B,B_07,https://www.semanticscholar.org/paper/279bdbd181df644f1ee81d49bbcc2f60eb04a0b3,landing_page_only,queued,0,,,,,,540
LIT_1DB210067D21E1C8,B,B_07,https://www.semanticscholar.org/paper/c557a9a162bc5efdebc42c1c495ebcc5935b2b69,landing_page_only,queued,0,,,,,,541
LIT_D98B21B2164330EB,B,B_07,https://www.semanticscholar.org/paper/5215c74a98e1dd3ee60205f6278f683c8911ec9c,landing_page_only,queued,0,,,,,,542
LIT_96877E06BF3D0607,B,B_07,https://www.semanticscholar.org/paper/cde5d3ab195213dc7418737b548b94931fd3d244,landing_page_only,queued,0,,,,,,543
LIT_A67C3195E5D08928,B,B_07,https://www.semanticscholar.org/paper/9dfbb32cab1231a7bdcfd2fe8f4aa8cf88d964b8,landing_page_only,queued,0,,,,,,544
LIT_E286A3E052BCFB3F,B,B_07,https://www.semanticscholar.org/paper/bebdafd2ff07e3f420eeac81c55b05c31748ba34,landing_page_only,queued,0,,,,,,545
LIT_18A77B8B654F4F0D,B,B_07,https://www.semanticscholar.org/paper/d4e055703055e1f52c75caea2011f56543ac45a7,landing_page_only,queued,0,,,,,,546
LIT_57D2126F92B7729A,B,B_07,https://www.semanticscholar.org/paper/07e86e1e54bbdecfb90dfdabf199b5793329f726,landing_page_only,queued,0,,,,,,547
LIT_9507572B2229F7F2,B,B_07,https://www.semanticscholar.org/paper/ca908d396bd994cf2bf2b3754d31e52b94ec460c,landing_page_only,queued,0,,,,,,548
LIT_572B9B9837C35E23,B,B_07,https://doi.org/10.1016/j.proci.2006.07.194,landing_page_only,queued,0,,,,,,549
LIT_1E6C575469F191F8,B,B_07,https://www.semanticscholar.org/paper/b8e58b199393b9a71a66be34bd56aef0d72c6464,landing_page_only,queued,0,,,,,,550
LIT_2515AB5EC2303DBE,B,B_07,https://www.semanticscholar.org/paper/5f43a223cfa591d88fe53c2ea72ff08761da2aed,landing_page_only,queued,0,,,,,,551
LIT_720C9B638B200E8D,B,B_07,https://www.semanticscholar.org/paper/bd722dbfb115d4fded39c588d2a3b5287a7bfe92,landing_page_only,queued,0,,,,,,552
LIT_BB65E40614845DD2,B,B_07,https://www.semanticscholar.org/paper/3186c78080d24e9fdbe8663518050a1c812a0399,landing_page_only,queued,0,,,,,,553
LIT_4ABB421997980E00,B,B_07,https://www.semanticscholar.org/paper/b7711c15f04bb2a585f6961c00d3b65bbe79a352,landing_page_only,queued,0,,,,,,554
LIT_4094816079B3E14D,B,B_07,https://www.semanticscholar.org/paper/5031aff9f4c1952bc5a0c59215d2cc3c0625aa20,landing_page_only,queued,0,,,,,,555
LIT_6752D0B6681916D9,B,B_07,https://www.semanticscholar.org/paper/a97272ee3b83ca973100a7dd1a654082129273ba,landing_page_only,queued,0,,,,,,556
LIT_9BBCC16631BD2B8D,B,B_07,https://www.semanticscholar.org/paper/39ca0a81038910e5c3810837eeb7714cffdc3c95,landing_page_only,queued,0,,,,,,557
LIT_E0EFA181ADBD71C1,B,B_07,https://www.semanticscholar.org/paper/5bf8b30c3420b43fce2d74450da0c75a3e321cfa,landing_page_only,queued,0,,,,,,558
LIT_2533B3CCC6D17F0C,B,B_08,https://www.semanticscholar.org/paper/a5627ff9af41a5947af8120262d26a03cd639aa4,landing_page_only,queued,0,,,,,,559
LIT_C58B589AD5CBC5A1,B,B_08,https://www.semanticscholar.org/paper/4cc9a5991ed491cc900111543609648e1ef7d20e,landing_page_only,queued,0,,,,,,560
LIT_EB6FFEDE26C579C7,B,B_08,https://www.semanticscholar.org/paper/cf13a4c2a85ef83967d5a6b49fa7a3d946157473,landing_page_only,queued,0,,,,,,561
LIT_2FF23772CA3574CF,B,B_08,https://www.semanticscholar.org/paper/54bff18fdda7a7eb0c0c6af39b28d8b394f6ee16,landing_page_only,queued,0,,,,,,562
LIT_97DACDCA59DA0042,B,B_08,https://www.semanticscholar.org/paper/284a4105054993702589e16611448d2925077065,landing_page_only,queued,0,,,,,,563
LIT_AB82D73256460968,B,B_08,https://www.semanticscholar.org/paper/8b600da3ea0026e2b3efd4b928431ab11073cc4d,landing_page_only,queued,0,,,,,,564
LIT_7CED0FC58DA2E429,B,B_08,https://www.semanticscholar.org/paper/594a64e4218a7502367717a459cb0e0a00e9f5cb,landing_page_only,queued,0,,,,,,565
LIT_A9295E75BF79C3F6,B,B_08,https://www.semanticscholar.org/paper/46b00244ddebce6987c8cbd07eee4aa197378435,landing_page_only,queued,0,,,,,,566
LIT_B767DAFD7A0CFB8B,B,B_08,https://www.semanticscholar.org/paper/c1503351c89c4e7b372951cfe10f7dfe5da17e00,landing_page_only,queued,0,,,,,,567
LIT_1246E8A4C7F375A0,B,B_08,https://www.semanticscholar.org/paper/595f908bdba8f70ecc91b4e8421dca417d55dd88,landing_page_only,queued,0,,,,,,568
LIT_7EC02B55E7D819F7,B,B_08,https://www.semanticscholar.org/paper/1fd56e34c4a51db868283b2fd6ed05992eb6a43c,landing_page_only,queued,0,,,,,,569
LIT_60829CBE014F32F3,B,B_08,https://www.semanticscholar.org/paper/f87d48de647ec81b5152e5478147dc5dc5cc27d0,landing_page_only,queued,0,,,,,,570
LIT_458168D128C4D4B2,B,B_08,https://www.semanticscholar.org/paper/92751c73ec41ad33c05e9a6f1dac368ac55766d3,landing_page_only,queued,0,,,,,,571
LIT_AA99F9CA72098BB1,B,B_08,https://www.semanticscholar.org/paper/a50ba2e5795a22cc28ba003360c4f275b365566d,landing_page_only,queued,0,,,,,,572
LIT_042953CAECF1AC0B,B,B_08,https://www.semanticscholar.org/paper/4f28fb951f86d8efb88edf9b62ebddb131b9e508,landing_page_only,queued,0,,,,,,573
LIT_63FB35D9A08C3D32,B,B_08,https://www.semanticscholar.org/paper/98d509f93aa0a302dd21a71dc10076aa7cba35e9,landing_page_only,queued,0,,,,,,574
LIT_485DBAE0B3ACA0C9,B,B_08,https://www.semanticscholar.org/paper/be7bf025bb94f276894dfec8df42138cf2d31478,landing_page_only,queued,0,,,,,,575
LIT_BD2D3CB8C37C9DC8,B,B_08,https://www.semanticscholar.org/paper/ac15ae01f0407deec97d0ed89e9f61fe3d3a6497,landing_page_only,queued,0,,,,,,576
LIT_5E9C9E9B9979CD71,B,B_08,https://www.semanticscholar.org/paper/b909fc5041332f3a78c5980222032cca190b2b83,landing_page_only,queued,0,,,,,,577
LIT_C9AE5F305673D268,B,B_08,https://www.semanticscholar.org/paper/f9d5362697f6da784eba151806a785619edec3d0,landing_page_only,queued,0,,,,,,578
LIT_FCE7887838B71A14,B,B_08,https://www.semanticscholar.org/paper/76791531265a013f97cbe4220709e979910153a3,landing_page_only,queued,0,,,,,,579
