source_id,input_fulltext_id,input_content_hash,parser_version,parse_status,failure_reason,parse_quality,page_count,extracted_char_count,table_count,reference_section_detected,experimental_section_detected,ocr_required,fulltext_relevance_status,candidate_extract_eligible,promotion_reason,section_count,span_count,warnings_json,raw_text_path,parsed_text_path,created_at,updated_at
LIT_010B9BF252F13139,FT_AE834F6789D01887D3F8,42df7ef02687b8e60a5fd09b6eafeb864898805c8c167c4908d1fd350894cc17,cnt_section_rules_v7,success,,good,14,53850,0,1,1,0,candidate_extract,1,fulltext_cnt_identity+experimental_section+multi_type_experimental_evidence,23,127,"[""page_3_two_column_reading_order"", ""page_6_two_column_reading_order"", ""page_11_two_column_reading_order"", ""page_12_two_column_reading_order"", ""page_13_two_column_reading_order""]",data/raw/fulltext/text/LIT_010B9BF252F13139.txt,data/interim/parsed_text/LIT_010B9BF252F13139.txt,2026-07-16T04:25:29Z,2026-07-16T04:25:29Z
LIT_02606F92F0B40447,FT_8E6DF30C829CA9024D47,5a652c09254e6a7961d1ac117f538a62b4815cd299179976873baa9e32eb50a5,cnt_section_rules_v7,success,,good,114,110846,30,1,1,0,candidate_extract,1,fulltext_cnt_identity+experimental_section+multi_type_experimental_evidence,162,297,"[""page_73_two_column_reading_order"", ""page_74_two_column_reading_order"", ""page_89_two_column_reading_order""]",data/raw/fulltext/text/LIT_02606F92F0B40447.txt,data/interim/parsed_text/LIT_02606F92F0B40447.txt,2026-07-16T04:05:19Z,2026-07-16T04:05:19Z
LIT_02F3CC774E37BDAD,,,cnt_section_rules_v7,skipped,no_available_fulltext,metadata_only,0,0,0,0,0,0,needs_fulltext_review,0,parse_status_skipped:no_available_fulltext,0,0,[],,,2026-07-16T04:37:12Z,2026-07-16T04:37:12Z
LIT_043C8CED35E14D8A,,,cnt_section_rules_v7,skipped,no_available_fulltext,metadata_only,0,0,0,0,0,0,needs_fulltext_review,0,parse_status_skipped:no_available_fulltext,0,0,[],,,2026-07-16T04:43:01Z,2026-07-16T04:43:01Z
LIT_0682357008FA0412,FT_AF0287EEC3082F82C37A,dc85e16355b1e042f4f4b3dc003c567cf6378e1c06cdcf5fbba13dc3efd7f0d8,cnt_section_rules_v7,success,,good,19,68006,0,1,1,0,candidate_extract,1,fulltext_cnt_identity+experimental_section+multi_type_experimental_evidence,25,158,"[""page_17_two_column_reading_order"", ""page_18_two_column_reading_order"", ""page_19_two_column_reading_order""]",data/raw/fulltext/text/LIT_0682357008FA0412.txt,data/interim/parsed_text/LIT_0682357008FA0412.txt,2026-07-16T04:26:42Z,2026-07-16T04:26:42Z
LIT_06B37399F25D06D1,,,cnt_section_rules_v7,skipped,no_available_fulltext,metadata_only,0,0,0,0,0,0,needs_fulltext_review,0,parse_status_skipped:no_available_fulltext,0,0,[],,,2026-07-16T04:43:46Z,2026-07-16T04:43:46Z
LIT_0705FD92BBA5C6D2,FT_80711691D5D0F87C284A,140e23e8c360f3542e9a19cc6e252343bfbe1b68bf9da885f8443d0cf888aacc,cnt_section_rules_v7,success,,good,5,10448,0,1,1,0,candidate_extract,1,fulltext_cnt_identity+experimental_section+multi_type_experimental_evidence,16,50,[],data/raw/fulltext/text/LIT_0705FD92BBA5C6D2.txt,data/interim/parsed_text/LIT_0705FD92BBA5C6D2.txt,2026-07-16T04:38:51Z,2026-07-16T04:38:51Z
LIT_0868010ABB2FC74E,FT_DCB5167FB8CC5CF5A0A2,0d50103498769e955314ce0c0da64f347c7094e130b1a8d82a635adb42359e64,cnt_section_rules_v7,success,,partial,6,17874,1,0,0,0,insufficient_experimental_evidence,0,requires_cnt_identity_experimental_section_and_at_least_two_evidence_types,18,71,"[""page_3_two_column_reading_order"", ""page_5_two_column_reading_order""]",data/raw/fulltext/text/LIT_0868010ABB2FC74E.txt,data/interim/parsed_text/LIT_0868010ABB2FC74E.txt,2026-07-16T04:24:33Z,2026-07-16T04:24:33Z
LIT_09E1F558A5050320,,,cnt_section_rules_v7,skipped,no_available_fulltext,metadata_only,0,0,0,0,0,0,needs_fulltext_review,0,parse_status_skipped:no_available_fulltext,0,0,[],,,2026-07-16T04:43:40Z,2026-07-16T04:43:40Z
LIT_0A1EEAB981A7FC27,,,cnt_section_rules_v7,skipped,no_available_fulltext,metadata_only,0,0,0,0,0,0,needs_fulltext_review,0,parse_status_skipped:no_available_fulltext,0,0,[],,,2026-07-16T04:42:50Z,2026-07-16T04:42:50Z
LIT_0E4C2827EA357D8F,,,cnt_section_rules_v7,skipped,no_available_fulltext,metadata_only,0,0,0,0,0,0,needs_fulltext_review,0,parse_status_skipped:no_available_fulltext,0,0,[],,,2026-07-16T04:28:14Z,2026-07-16T04:30:33Z
LIT_0EB6EB3A3ECD7CF1,,,cnt_section_rules_v7,skipped,no_available_fulltext,metadata_only,0,0,0,0,0,0,needs_fulltext_review,0,parse_status_skipped:no_available_fulltext,0,0,[],,,2026-07-16T04:42:58Z,2026-07-16T04:42:58Z
LIT_0EF1DDE74B15E559,,,cnt_section_rules_v7,skipped,no_available_fulltext,metadata_only,0,0,0,0,0,0,needs_fulltext_review,0,parse_status_skipped:no_available_fulltext,0,0,[],,,2026-07-16T04:07:39Z,2026-07-16T04:07:39Z
LIT_11B9044BBBEDF0FD,FT_669387315AA61C87B1C5,03cd71dd07df321b443389db578e4cbf78cc89712621407c71444502bb00e754,cnt_section_rules_v7,success,,partial,0,31925,8,0,1,0,candidate_extract,1,fulltext_cnt_identity+experimental_section+multi_type_experimental_evidence,53,112,[],data/raw/fulltext/text/LIT_11B9044BBBEDF0FD.txt,data/interim/parsed_text/LIT_11B9044BBBEDF0FD.txt,2026-07-16T04:36:53Z,2026-07-16T04:36:53Z
LIT_11E2BBB5F0B2D893,FT_B583D6A5AAC75C2B2945,921dff6692b300e4b998d02c8299e0e1295873800aef7bf356cf8456af084e93,cnt_section_rules_v7,success,,good,11,35886,1,1,1,0,candidate_extract,1,fulltext_cnt_identity+experimental_section+multi_type_experimental_evidence,21,97,[],data/raw/fulltext/text/LIT_11E2BBB5F0B2D893.txt,data/interim/parsed_text/LIT_11E2BBB5F0B2D893.txt,2026-07-16T04:31:10Z,2026-07-16T04:31:10Z
LIT_1393A68CF2AF9C25,,,cnt_section_rules_v7,skipped,no_available_fulltext,metadata_only,0,0,0,0,0,0,needs_fulltext_review,0,parse_status_skipped:no_available_fulltext,0,0,[],,,2026-07-16T04:05:51Z,2026-07-16T04:05:51Z
LIT_1547E85803913A0C,FT_C6090066465212C6E79B,97bbad8dc760acc27f13635ffc5ad1506a4032a1753db99416b345085279a159,cnt_section_rules_v7,success,,good,6,21521,0,1,0,0,insufficient_experimental_evidence,0,requires_cnt_identity_experimental_section_and_at_least_two_evidence_types,15,35,"[""page_5_two_column_reading_order"", ""page_6_two_column_reading_order""]",data/raw/fulltext/text/LIT_1547E85803913A0C.txt,data/interim/parsed_text/LIT_1547E85803913A0C.txt,2026-07-16T04:39:30Z,2026-07-16T04:39:30Z
LIT_15F49C3012600D0B,FT_BBAB2392E21C663BBFF4,5b0ce491fa4f8f7243b7e3607ee9992d4ec02abc0044f485611e4d79b6b69a72,cnt_section_rules_v7,success,,good,21,57623,0,1,1,0,candidate_extract,1,fulltext_cnt_identity+experimental_section+multi_type_experimental_evidence,25,188,"[""page_4_two_column_reading_order"", ""page_7_two_column_reading_order"", ""page_8_two_column_reading_order"", ""page_14_two_column_reading_order"", ""page_15_two_column_reading_order"", ""page_20_two_column_reading_order"", ""page_21_two_column_reading_order""]",data/raw/fulltext/text/LIT_15F49C3012600D0B.txt,data/interim/parsed_text/LIT_15F49C3012600D0B.txt,2026-07-16T04:39:23Z,2026-07-16T04:39:23Z
LIT_169EACB657CC8523,FT_54E43CB3EE5439C7B10F,b8b0f725610b0b1a8490ff3f3c511b0d8e66ee9969d3d4d64f367c4d7271ff28,cnt_section_rules_v7,success,,good,12,34791,3,1,1,0,candidate_extract,1,fulltext_cnt_identity+experimental_section+multi_type_experimental_evidence,31,101,"[""page_6_two_column_reading_order"", ""page_11_two_column_reading_order"", ""page_12_two_column_reading_order""]",data/raw/fulltext/text/LIT_169EACB657CC8523.txt,data/interim/parsed_text/LIT_169EACB657CC8523.txt,2026-07-16T04:16:10Z,2026-07-16T04:16:10Z
LIT_17208320A4D17CAB,,,cnt_section_rules_v7,skipped,no_available_fulltext,metadata_only,0,0,0,0,0,0,needs_fulltext_review,0,parse_status_skipped:no_available_fulltext,0,0,[],,,2026-07-16T04:42:47Z,2026-07-16T04:42:47Z
LIT_18CC33FA0A432B62,,,cnt_section_rules_v7,skipped,no_available_fulltext,metadata_only,0,0,0,0,0,0,needs_fulltext_review,0,parse_status_skipped:no_available_fulltext,0,0,[],,,2026-07-16T04:32:21Z,2026-07-16T04:32:21Z
LIT_1A6943689C60163D,,,cnt_section_rules_v7,skipped,no_available_fulltext,metadata_only,0,0,0,0,0,0,needs_fulltext_review,0,parse_status_skipped:no_available_fulltext,0,0,[],,,2026-07-16T04:07:47Z,2026-07-16T04:07:47Z
LIT_1C23B269C38586DE,,,cnt_section_rules_v7,skipped,no_available_fulltext,metadata_only,0,0,0,0,0,0,needs_fulltext_review,0,parse_status_skipped:no_available_fulltext,0,0,[],,,2026-07-16T04:42:34Z,2026-07-16T04:42:34Z
LIT_1C53CDD04C7F51D9,,,cnt_section_rules_v6,skipped,no_available_fulltext,metadata_only,0,0,0,0,0,0,needs_fulltext_review,0,parse_status_skipped:no_available_fulltext,0,0,[],,,2026-07-16T02:14:42Z,2026-07-16T02:14:42Z
LIT_1D29A53AB15BB0B9,,,cnt_section_rules_v6,skipped,no_available_fulltext,metadata_only,0,0,0,0,0,0,needs_fulltext_review,0,parse_status_skipped:no_available_fulltext,0,0,[],,,2026-07-16T02:14:42Z,2026-07-16T02:14:42Z
LIT_1E16A4FAF9AEF7E4,,,cnt_section_rules_v7,skipped,no_available_fulltext,metadata_only,0,0,0,0,0,0,needs_fulltext_review,0,parse_status_skipped:no_available_fulltext,0,0,[],,,2026-07-16T04:44:41Z,2026-07-16T04:44:41Z
LIT_1E6FDA57E370EFB9,,,cnt_section_rules_v7,skipped,no_available_fulltext,metadata_only,0,0,0,0,0,0,needs_fulltext_review,0,parse_status_skipped:no_available_fulltext,0,0,[],,,2026-07-16T04:16:34Z,2026-07-16T04:16:34Z
LIT_2156B932FB0638B8,,,cnt_section_rules_v7,skipped,no_available_fulltext,metadata_only,0,0,0,0,0,0,needs_fulltext_review,0,parse_status_skipped:no_available_fulltext,0,0,[],,,2026-07-16T04:42:40Z,2026-07-16T04:42:40Z
LIT_22EBBAD83D250478,,,cnt_section_rules_v7,skipped,no_available_fulltext,metadata_only,0,0,0,0,0,0,needs_fulltext_review,0,parse_status_skipped:no_available_fulltext,0,0,[],,,2026-07-16T04:15:40Z,2026-07-16T04:15:40Z
LIT_2597C191571C2F46,,,cnt_section_rules_v7,skipped,no_available_fulltext,metadata_only,0,0,0,0,0,0,needs_fulltext_review,0,parse_status_skipped:no_available_fulltext,0,0,[],,,2026-07-16T04:43:49Z,2026-07-16T04:43:49Z
LIT_29053831AED49C65,FT_5C13563759168524C4BB,f1b4295539b035989aa71231d00270240093a2981bcb5699a4ba6bbe460cd18d,cnt_section_rules_v7,success,,partial,5,14165,0,0,1,0,candidate_extract,1,fulltext_cnt_identity+experimental_section+multi_type_experimental_evidence,16,50,[],data/raw/fulltext/text/LIT_29053831AED49C65.txt,data/interim/parsed_text/LIT_29053831AED49C65.txt,2026-07-16T04:45:40Z,2026-07-16T04:45:40Z
LIT_2A2F8594DBA4A040,FT_84979C28B9B3C7C42609,329974b7c6f362f4472b6904be10476ad8079dcfe347591534b3dfcac6c06f59,cnt_section_rules_v6,success,,good,16,78618,0,1,1,0,candidate_extract,1,fulltext_cnt_identity+experimental_section+multi_type_experimental_evidence,19,236,[],data/raw/fulltext/text/LIT_2A2F8594DBA4A040.txt,data/interim/parsed_text/LIT_2A2F8594DBA4A040.txt,2026-07-16T02:14:42Z,2026-07-16T02:41:15Z
LIT_2BBA5D5A33DCA23E,,,cnt_section_rules_v7,skipped,no_available_fulltext,metadata_only,0,0,0,0,0,0,needs_fulltext_review,0,parse_status_skipped:no_available_fulltext,0,0,[],,,2026-07-16T04:44:18Z,2026-07-16T04:44:18Z
LIT_2BD0058CE718B569,,,cnt_section_rules_v7,skipped,no_available_fulltext,metadata_only,0,0,0,0,0,0,needs_fulltext_review,0,parse_status_skipped:no_available_fulltext,0,0,[],,,2026-07-16T04:32:27Z,2026-07-16T04:32:27Z
LIT_2C6CFB8A985F3106,,,cnt_section_rules_v6,skipped,no_available_fulltext,metadata_only,0,0,0,0,0,0,needs_fulltext_review,0,parse_status_skipped:no_available_fulltext,0,0,[],,,2026-07-16T02:14:42Z,2026-07-16T02:14:42Z
LIT_2CF0B62FD0879B1A,,,cnt_section_rules_v6,skipped,no_available_fulltext,metadata_only,0,0,0,0,0,0,needs_fulltext_review,0,parse_status_skipped:no_available_fulltext,0,0,[],,,2026-07-16T02:14:42Z,2026-07-16T02:14:42Z
LIT_2E5E5533DDFEBB53,,,cnt_section_rules_v7,skipped,no_available_fulltext,metadata_only,0,0,0,0,0,0,needs_fulltext_review,0,parse_status_skipped:no_available_fulltext,0,0,[],,,2026-07-16T04:31:00Z,2026-07-16T04:31:00Z
LIT_2F272009882C0471,,,cnt_section_rules_v7,skipped,no_available_fulltext,metadata_only,0,0,0,0,0,0,needs_fulltext_review,0,parse_status_skipped:no_available_fulltext,0,0,[],,,2026-07-16T04:31:15Z,2026-07-16T04:31:15Z
LIT_34444E6301E5DCCB,,,cnt_section_rules_v7,skipped,no_available_fulltext,metadata_only,0,0,0,0,0,0,needs_fulltext_review,0,parse_status_skipped:no_available_fulltext,0,0,[],,,2026-07-16T04:39:02Z,2026-07-16T04:39:02Z
LIT_34834C05D4AE1C2B,,,cnt_section_rules_v7,skipped,no_available_fulltext,metadata_only,0,0,0,0,0,0,needs_fulltext_review,0,parse_status_skipped:no_available_fulltext,0,0,[],,,2026-07-16T04:41:13Z,2026-07-16T04:41:13Z
LIT_35CC6817563FC3B9,FT_1442FEB54AB552DF2812,3ca7c7722abc3cf361264d9d7ca9531088312cdacbb38279c239ae6b5d1c3387,cnt_section_rules_v7,success,,partial,0,15471,1,0,1,0,candidate_extract,1,fulltext_cnt_identity+experimental_section+multi_type_experimental_evidence,32,51,[],data/raw/fulltext/text/LIT_35CC6817563FC3B9.txt,data/interim/parsed_text/LIT_35CC6817563FC3B9.txt,2026-07-16T04:36:32Z,2026-07-16T04:36:32Z
LIT_3610F8E3686F4AB8,,,cnt_section_rules_v5,skipped,no_available_fulltext,metadata_only,0,0,0,0,0,0,needs_fulltext_review,0,,0,0,[],,,2026-07-15T07:30:15Z,2026-07-15T07:35:20Z
LIT_37230FBEA6DEE09F,,,cnt_section_rules_v7,skipped,no_available_fulltext,metadata_only,0,0,0,0,0,0,needs_fulltext_review,0,parse_status_skipped:no_available_fulltext,0,0,[],,,2026-07-16T04:35:21Z,2026-07-16T04:35:21Z
LIT_39F3A33F8EF32BBD,,,cnt_section_rules_v6,skipped,no_available_fulltext,metadata_only,0,0,0,0,0,0,needs_fulltext_review,0,parse_status_skipped:no_available_fulltext,0,0,[],,,2026-07-16T02:14:42Z,2026-07-16T02:14:42Z
LIT_39FC4C9561D1FAE9,,,cnt_section_rules_v7,skipped,no_available_fulltext,metadata_only,0,0,0,0,0,0,needs_fulltext_review,0,parse_status_skipped:no_available_fulltext,0,0,[],,,2026-07-16T04:43:59Z,2026-07-16T04:43:59Z
LIT_3B5A2676F1FE1646,FT_0A8BC8AD5D15E67CDBEA,93a73cbd3a655e8d72b5585d6f19a4c2c3d60ebd00ba3d36e5b0c2b282856bdf,cnt_section_rules_v7,success,,good,6,20163,0,1,1,0,candidate_extract,1,fulltext_cnt_identity+experimental_section+multi_type_experimental_evidence,16,70,"[""page_5_two_column_reading_order""]",data/raw/fulltext/text/LIT_3B5A2676F1FE1646.txt,data/interim/parsed_text/LIT_3B5A2676F1FE1646.txt,2026-07-16T04:07:35Z,2026-07-16T04:07:35Z
LIT_3BDCD8F9895BE659,FT_73923609799913DB6A70,ad8a37d0aa538aeaabdecc80f59917cc2ac3ccb928b6c7d9b5d24f16e9a2cad3,cnt_section_rules_v7,success,,partial,9,28545,0,0,1,0,candidate_extract,1,fulltext_cnt_identity+experimental_section+multi_type_experimental_evidence,17,128,[],data/raw/fulltext/text/LIT_3BDCD8F9895BE659.txt,data/interim/parsed_text/LIT_3BDCD8F9895BE659.txt,2026-07-16T04:14:48Z,2026-07-16T04:14:48Z
LIT_3D2FAA624663FA97,FT_7841033F3D6B0D44E6CD,1e9b942be3244ad6e3c12d4c1a49d31ad87db274ed36e0eb598f1950c7be3cd4,cnt_section_rules_v6,success,,good,8,23821,0,1,1,0,candidate_extract,1,fulltext_cnt_identity+experimental_section+multi_type_experimental_evidence,18,95,"[""page_2_two_column_reading_order"", ""page_3_two_column_reading_order"", ""page_4_two_column_reading_order"", ""page_5_two_column_reading_order"", ""page_6_two_column_reading_order"", ""page_7_two_column_reading_order"", ""page_8_two_column_reading_order""]",data/raw/fulltext/text/LIT_3D2FAA624663FA97.txt,data/interim/parsed_text/LIT_3D2FAA624663FA97.txt,2026-07-16T02:14:42Z,2026-07-16T02:41:18Z
LIT_3D8F9EFA937173D0,FT_A3863AA0596CD1E55554,980d716919cc110c8dcdd7bba8df4469b41917949e7eaa38e20fee2b0b98ba54,cnt_section_rules_v6,success,,good,9,32451,2,1,1,0,candidate_extract,1,fulltext_cnt_identity+experimental_section+multi_type_experimental_evidence,26,133,"[""page_4_two_column_reading_order"", ""page_8_two_column_reading_order"", ""page_9_two_column_reading_order""]",data/raw/fulltext/text/LIT_3D8F9EFA937173D0.txt,data/interim/parsed_text/LIT_3D8F9EFA937173D0.txt,2026-07-16T02:14:42Z,2026-07-16T02:41:19Z
LIT_401BD476DB8344E9,FT_A6210CCF48905AC34646,c5509cc9f27cc3c9d42deedfa81f2156c960a3fe6da1e0ed71a1a1d8b247ab40,cnt_section_rules_v7,success,,good,20,64145,4,1,1,0,candidate_extract,1,fulltext_cnt_identity+experimental_section+multi_type_experimental_evidence,29,179,[],data/raw/fulltext/text/LIT_401BD476DB8344E9.txt,data/interim/parsed_text/LIT_401BD476DB8344E9.txt,2026-07-16T03:23:26Z,2026-07-16T04:03:18Z
LIT_40599004C06DDDF0,,,cnt_section_rules_v7,skipped,no_available_fulltext,metadata_only,0,0,0,0,0,0,needs_fulltext_review,0,parse_status_skipped:no_available_fulltext,0,0,[],,,2026-07-16T04:16:18Z,2026-07-16T04:16:18Z
LIT_41A99C6A3F3A6ABA,FT_B4D0CD3D7F1CA7E4A52C,9426d0686a4b94e847bc0db9dc5b9fcd36a6eb58cfc893d40062408b296cb529,cnt_section_rules_v7,success,,partial,0,23131,1,0,0,0,insufficient_experimental_evidence,0,requires_cnt_identity_experimental_section_and_at_least_two_evidence_types,32,81,[],data/raw/fulltext/text/LIT_41A99C6A3F3A6ABA.txt,data/interim/parsed_text/LIT_41A99C6A3F3A6ABA.txt,2026-07-16T04:36:42Z,2026-07-16T04:36:42Z
LIT_41ED2ABA7F071F5E,,,cnt_section_rules_v7,skipped,no_available_fulltext,metadata_only,0,0,0,0,0,0,needs_fulltext_review,0,parse_status_skipped:no_available_fulltext,0,0,[],,,2026-07-15T07:30:15Z,2026-07-16T04:44:20Z
LIT_41EDFF9643A6D73F,,,cnt_section_rules_v7,skipped,no_available_fulltext,metadata_only,0,0,0,0,0,0,needs_fulltext_review,0,parse_status_skipped:no_available_fulltext,0,0,[],,,2026-07-16T04:39:50Z,2026-07-16T04:39:50Z
LIT_41F55B9439F51B21,,,cnt_section_rules_v7,skipped,no_available_fulltext,metadata_only,0,0,0,0,0,0,needs_fulltext_review,0,parse_status_skipped:no_available_fulltext,0,0,[],,,2026-07-16T04:45:01Z,2026-07-16T04:45:01Z
LIT_427378A0096D943B,FT_168F7C16BF39E3B71012,f8e072dd73430d884055f0f997d5c0a2dc2dec0fd3ddbc3f54ece169ab4c3e8c,cnt_section_rules_v7,success,,good,19,63720,0,1,1,0,candidate_extract,1,fulltext_cnt_identity+experimental_section+multi_type_experimental_evidence,19,160,[],data/raw/fulltext/text/LIT_427378A0096D943B.txt,data/interim/parsed_text/LIT_427378A0096D943B.txt,2026-07-16T04:25:52Z,2026-07-16T04:25:52Z
LIT_428524A1D247A302,,,cnt_section_rules_v7,skipped,no_available_fulltext,metadata_only,0,0,0,0,0,0,needs_fulltext_review,0,parse_status_skipped:no_available_fulltext,0,0,[],,,2026-07-16T04:44:46Z,2026-07-16T04:44:46Z
LIT_42CA430104DA72AA,FT_6EE52ADD8DE7DF9C3F64,66eb0daffee52f7039533c3dbd1735407e53382e48cc089db5650468c8cdeef7,cnt_section_rules_v6,success,,partial,9,31559,5,0,1,0,candidate_extract,1,fulltext_cnt_identity+experimental_section+multi_type_experimental_evidence,16,99,"[""page_2_two_column_reading_order""]",data/raw/fulltext/text/LIT_42CA430104DA72AA.txt,data/interim/parsed_text/LIT_42CA430104DA72AA.txt,2026-07-16T02:14:42Z,2026-07-16T02:41:21Z
LIT_4421747A539A3C4E,FT_5A1C4E625873698EEF8D,8ffc2f3518d145e9e36ecd5ec83cf8c66f21dd5756d01a32f520500a53dd1037,cnt_section_rules_v7,success,,good,15,45906,3,1,1,0,candidate_extract,1,fulltext_cnt_identity+experimental_section+multi_type_experimental_evidence,34,70,[],data/raw/fulltext/text/LIT_4421747A539A3C4E.txt,data/interim/parsed_text/LIT_4421747A539A3C4E.txt,2026-07-16T04:45:51Z,2026-07-16T04:45:51Z
LIT_457907E83D33368E,FT_8F59B9DB34BFBDD2C662,d657f359f1dca783dce834c6967c33c77329022154ca9c6fa12d1998e9e3b529,cnt_section_rules_v7,success,,partial,0,25439,5,0,0,0,insufficient_experimental_evidence,0,requires_cnt_identity_experimental_section_and_at_least_two_evidence_types,46,92,[],data/raw/fulltext/text/LIT_457907E83D33368E.txt,data/interim/parsed_text/LIT_457907E83D33368E.txt,2026-07-16T04:08:50Z,2026-07-16T04:08:50Z
LIT_458C915DF011F7D3,FT_55AF0DC590AFB3055F7F,aeed1a82e0d8c50208cf07b6e2b6b677f50b7c08c25ee68fb39148c9486caa71,cnt_section_rules_v7,success,,good,211,192801,0,1,1,0,candidate_extract,1,fulltext_cnt_identity+experimental_section+multi_type_experimental_evidence,211,393,"[""page_67_text_error:ValueError""]",data/raw/fulltext/text/LIT_458C915DF011F7D3.txt,data/interim/parsed_text/LIT_458C915DF011F7D3.txt,2026-07-16T04:41:57Z,2026-07-16T04:41:57Z
LIT_4677D489B1229811,,,cnt_section_rules_v7,skipped,no_available_fulltext,metadata_only,0,0,0,0,0,0,needs_fulltext_review,0,parse_status_skipped:no_available_fulltext,0,0,[],,,2026-07-16T04:43:43Z,2026-07-16T04:43:43Z
LIT_4823A1E3E3586FBB,,,cnt_section_rules_v7,skipped,no_available_fulltext,metadata_only,0,0,0,0,0,0,needs_fulltext_review,0,parse_status_skipped:no_available_fulltext,0,0,[],,,2026-07-16T04:39:47Z,2026-07-16T04:39:47Z
LIT_4A0619355DFA627D,,,cnt_section_rules_v7,skipped,no_available_fulltext,metadata_only,0,0,0,0,0,0,needs_fulltext_review,0,parse_status_skipped:no_available_fulltext,0,0,[],,,2026-07-16T04:40:20Z,2026-07-16T04:40:20Z
LIT_4A42E225A9840CD9,FT_EAA8645218C5EEB1B496,4ff5b448da4e9b5bf3af68194e51cae795ef1bc699114a267813125623c63b36,cnt_section_rules_v7,success,,partial,0,18050,2,0,0,0,insufficient_experimental_evidence,0,requires_cnt_identity_experimental_section_and_at_least_two_evidence_types,40,96,[],data/raw/fulltext/text/LIT_4A42E225A9840CD9.txt,data/interim/parsed_text/LIT_4A42E225A9840CD9.txt,2026-07-16T04:37:58Z,2026-07-16T04:37:58Z
LIT_4B3D3C5CD3B8D731,FT_8533AA79BCD099D2571F,0f7ac68e27d09b3b6d0d1f55ee0aa599cf3ea8bea2d8c5d3fde0e04c803f5d7b,cnt_section_rules_v6,success,,good,31,37431,0,1,1,0,candidate_extract,1,fulltext_cnt_identity+experimental_section+multi_type_experimental_evidence,23,82,"[""page_27_two_column_reading_order"", ""page_28_two_column_reading_order"", ""page_29_two_column_reading_order"", ""page_30_two_column_reading_order""]",data/raw/fulltext/text/LIT_4B3D3C5CD3B8D731.txt,data/interim/parsed_text/LIT_4B3D3C5CD3B8D731.txt,2026-07-16T02:14:42Z,2026-07-16T02:41:22Z
LIT_4BDFD588A5A5F5AA,FT_24C24411A868E7F7567C,1344c7750b6a6659f2e644c8981b33a0552ef587d3df18e50212098f52c2bf67,cnt_section_rules_v7,success,,good,115,125234,23,1,1,0,candidate_extract,1,fulltext_cnt_identity+experimental_section+multi_type_experimental_evidence,98,288,[],data/raw/fulltext/text/LIT_4BDFD588A5A5F5AA.txt,data/interim/parsed_text/LIT_4BDFD588A5A5F5AA.txt,2026-07-16T04:09:47Z,2026-07-16T04:09:47Z
LIT_4C5EB40B8CD80C4F,FT_7B0EEF6FF5EC12CF51F9,2301a19be7880e6a3c5095c673dc16d41da2070dd7253cbe76db76255708eed9,cnt_section_rules_v7,success,,good,25,64258,8,1,1,0,candidate_extract,1,fulltext_cnt_identity+experimental_section+multi_type_experimental_evidence,35,184,[],data/raw/fulltext/text/LIT_4C5EB40B8CD80C4F.txt,data/interim/parsed_text/LIT_4C5EB40B8CD80C4F.txt,2026-07-16T04:05:39Z,2026-07-16T04:05:39Z
LIT_4C9F9F626FE8A7BC,FT_626F965063A05A665268,5b720809f4c0033afe651e3f95f67d54e2549f8f5efb36f041ef80a0c8dec57e,cnt_section_rules_v6,success,,good,100,94699,10,1,1,0,candidate_extract,1,fulltext_cnt_identity+experimental_section+multi_type_experimental_evidence,155,226,[],data/raw/fulltext/text/LIT_4C9F9F626FE8A7BC.txt,data/interim/parsed_text/LIT_4C9F9F626FE8A7BC.txt,2026-07-16T02:14:42Z,2026-07-16T02:20:59Z
LIT_522D359ADEDCFF7B,FT_9A90858AB8873AD2C8CA,dc323875b69ff79a4e68b4183afca275f5c0b90dbcfc9389a97c331b97416d3d,cnt_section_rules_v7,success,,good,9,23256,0,1,0,0,insufficient_experimental_evidence,0,requires_cnt_identity_experimental_section_and_at_least_two_evidence_types,13,69,"[""page_8_two_column_reading_order"", ""page_9_two_column_reading_order""]",data/raw/fulltext/text/LIT_522D359ADEDCFF7B.txt,data/interim/parsed_text/LIT_522D359ADEDCFF7B.txt,2026-07-16T04:06:47Z,2026-07-16T04:06:47Z
LIT_52CCF4ABCC67577A,,,cnt_section_rules_v7,skipped,no_available_fulltext,metadata_only,0,0,0,0,0,0,needs_fulltext_review,0,parse_status_skipped:no_available_fulltext,0,0,[],,,2026-07-16T04:41:06Z,2026-07-16T04:41:06Z
LIT_53B8BE52F01169BD,,,cnt_section_rules_v7,skipped,no_available_fulltext,metadata_only,0,0,0,0,0,0,needs_fulltext_review,0,parse_status_skipped:no_available_fulltext,0,0,[],,,2026-07-16T04:18:38Z,2026-07-16T04:18:38Z
LIT_54330E2C79FE4C21,,,cnt_section_rules_v7,skipped,no_available_fulltext,metadata_only,0,0,0,0,0,0,needs_fulltext_review,0,parse_status_skipped:no_available_fulltext,0,0,[],,,2026-07-16T04:15:34Z,2026-07-16T04:15:34Z
LIT_543F809E5E23B349,,,cnt_section_rules_v7,skipped,no_available_fulltext,metadata_only,0,0,0,0,0,0,needs_fulltext_review,0,parse_status_skipped:no_available_fulltext,0,0,[],,,2026-07-16T04:06:39Z,2026-07-16T04:06:39Z
LIT_56780CD73EE08949,,,cnt_section_rules_v7,skipped,no_available_fulltext,metadata_only,0,0,0,0,0,0,needs_fulltext_review,0,parse_status_skipped:no_available_fulltext,0,0,[],,,2026-07-16T04:40:48Z,2026-07-16T04:40:48Z
LIT_57A5BA30642FEA0F,FT_4C08378BFE2DA4C522B7,952c6da22d578ae0c3851d8cbc55baa14abb64ee54aeefd6beb0a304518b1df0,cnt_section_rules_v6,success,,good,10,34470,0,1,0,0,insufficient_experimental_evidence,0,requires_cnt_identity_experimental_section_and_at_least_two_evidence_types,12,86,"[""page_9_two_column_reading_order""]",data/raw/fulltext/text/LIT_57A5BA30642FEA0F.txt,data/interim/parsed_text/LIT_57A5BA30642FEA0F.txt,2026-07-16T02:14:42Z,2026-07-16T02:21:23Z
LIT_58B091070B8AC565,FT_EF0CD0D17706CF5F5276,0788779913faecbe93925642cdeef088ec8957306ea537d130538efaac9d6943,cnt_section_rules_v7,success,,good,12,28895,0,1,1,0,candidate_extract,1,fulltext_cnt_identity+experimental_section+multi_type_experimental_evidence,25,92,"[""page_10_two_column_reading_order"", ""page_11_two_column_reading_order""]",data/raw/fulltext/text/LIT_58B091070B8AC565.txt,data/interim/parsed_text/LIT_58B091070B8AC565.txt,2026-07-16T04:24:51Z,2026-07-16T04:24:51Z
LIT_5AFB84D7275DBC1E,,,cnt_section_rules_v7,skipped,no_available_fulltext,metadata_only,0,0,0,0,0,0,needs_fulltext_review,0,parse_status_skipped:no_available_fulltext,0,0,[],,,2026-07-16T04:44:33Z,2026-07-16T04:44:33Z
LIT_5CEF0341B983A787,,,cnt_section_rules_v7,skipped,no_available_fulltext,metadata_only,0,0,0,0,0,0,needs_fulltext_review,0,parse_status_skipped:no_available_fulltext,0,0,[],,,2026-07-16T04:42:28Z,2026-07-16T04:42:28Z
LIT_5D2B63B0DDC58EBA,FT_01FC346DD330745856D4,7ae988894967586d63d7741932a175c57c3ff86a28d0d8b197c64a98aadd4a7e,cnt_section_rules_v7,success,,partial,0,41226,4,0,1,0,candidate_extract,1,fulltext_cnt_identity+experimental_section+multi_type_experimental_evidence,48,122,[],data/raw/fulltext/text/LIT_5D2B63B0DDC58EBA.txt,data/interim/parsed_text/LIT_5D2B63B0DDC58EBA.txt,2026-07-16T04:10:53Z,2026-07-16T04:10:53Z
LIT_5F33D3A900FFC120,,,cnt_section_rules_v7,skipped,no_available_fulltext,metadata_only,0,0,0,0,0,0,needs_fulltext_review,0,parse_status_skipped:no_available_fulltext,0,0,[],,,2026-07-16T04:39:44Z,2026-07-16T04:39:44Z
LIT_603AAF8A348EAF36,,,cnt_section_rules_v7,skipped,no_available_fulltext,metadata_only,0,0,0,0,0,0,needs_fulltext_review,0,parse_status_skipped:no_available_fulltext,0,0,[],,,2026-07-16T04:43:08Z,2026-07-16T04:43:08Z
LIT_60DFC6A582109902,,,cnt_section_rules_v7,skipped,no_available_fulltext,metadata_only,0,0,0,0,0,0,needs_fulltext_review,0,parse_status_skipped:no_available_fulltext,0,0,[],,,2026-07-16T04:09:16Z,2026-07-16T04:09:16Z
LIT_619441B609804F78,,,cnt_section_rules_v7,skipped,no_available_fulltext,metadata_only,0,0,0,0,0,0,needs_fulltext_review,0,parse_status_skipped:no_available_fulltext,0,0,[],,,2026-07-16T04:16:27Z,2026-07-16T04:16:27Z
LIT_63D8BEBA898137D6,,,cnt_section_rules_v6,skipped,no_available_fulltext,metadata_only,0,0,0,0,0,0,needs_fulltext_review,0,parse_status_skipped:no_available_fulltext,0,0,[],,,2026-07-16T03:22:57Z,2026-07-16T03:22:57Z
LIT_651A32A904C48C0B,,,cnt_section_rules_v7,skipped,no_available_fulltext,metadata_only,0,0,0,0,0,0,needs_fulltext_review,0,parse_status_skipped:no_available_fulltext,0,0,[],,,2026-07-16T04:43:35Z,2026-07-16T04:43:35Z
LIT_665FCAE5A73EA1BB,FT_BF5D1CA6F6943E2AB63F,dfaa51915ec5718b3972f8fb5cfc0007fd58bd6cbca1080ee020aae486aafc53,cnt_section_rules_v7,success,,partial,0,22960,2,0,1,0,candidate_extract,1,fulltext_cnt_identity+experimental_section+multi_type_experimental_evidence,33,91,[],data/raw/fulltext/text/LIT_665FCAE5A73EA1BB.txt,data/interim/parsed_text/LIT_665FCAE5A73EA1BB.txt,2026-07-16T04:34:39Z,2026-07-16T04:34:39Z
LIT_6731BD3F12EC3922,FT_DD396166FFF19B80FC38,c5205b472274b9436a49ef41461755b944cb50f1ce730f6c14e18429354a66ff,cnt_section_rules_v7,success,,good,12,43383,0,1,1,0,candidate_extract,1,fulltext_cnt_identity+experimental_section+multi_type_experimental_evidence,22,116,"[""page_5_two_column_reading_order"", ""page_11_two_column_reading_order"", ""page_12_two_column_reading_order""]",data/raw/fulltext/text/LIT_6731BD3F12EC3922.txt,data/interim/parsed_text/LIT_6731BD3F12EC3922.txt,2026-07-16T04:10:22Z,2026-07-16T04:10:22Z
LIT_697F549224B22272,FT_C23A46F2A79A154E0445,95c719f38e91342839f7e8883e7de8c6dc0ffa9960c6b9b123d472411c04dff9,cnt_section_rules_v7,success,,partial,0,25389,3,0,1,0,candidate_extract,1,fulltext_cnt_identity+experimental_section+multi_type_experimental_evidence,37,76,[],data/raw/fulltext/text/LIT_697F549224B22272.txt,data/interim/parsed_text/LIT_697F549224B22272.txt,2026-07-16T04:08:38Z,2026-07-16T04:08:38Z
LIT_69B52395F427EA88,FT_359C4FCADFECCD7766E3,a50a6721061537a7898b80b39e21b39c6a8d49687fc57a08eed8c5a20f6a4291,cnt_section_rules_v7,success,,good,0,5033,0,1,0,0,insufficient_experimental_evidence,0,requires_cnt_identity_experimental_section_and_at_least_two_evidence_types,10,4,[],data/raw/fulltext/text/LIT_69B52395F427EA88.txt,data/interim/parsed_text/LIT_69B52395F427EA88.txt,2026-07-16T04:43:31Z,2026-07-16T04:43:31Z
LIT_6A4861895E374941,FT_DDF2EF2E1E2F4EB1CE90,6fd9e1de3f819bbc432661cb250989102c62e6e17197bb9e29a2021235507a7f,cnt_section_rules_v7,success,,good,12,34173,0,1,0,0,insufficient_experimental_evidence,0,requires_cnt_identity_experimental_section_and_at_least_two_evidence_types,16,41,[],data/raw/fulltext/text/LIT_6A4861895E374941.txt,data/interim/parsed_text/LIT_6A4861895E374941.txt,2026-07-16T04:32:11Z,2026-07-16T04:32:11Z
LIT_6A5D5568EBD1E558,FT_302AB5051A6BB9CB0114,df369881dc50623924fcda28f9a5718300c868555a5200c3e7d890b784f729d1,cnt_section_rules_v7,success,,good,15,35525,12,1,1,0,candidate_extract,1,fulltext_cnt_identity+experimental_section+multi_type_experimental_evidence,39,100,[],data/raw/fulltext/text/LIT_6A5D5568EBD1E558.txt,data/interim/parsed_text/LIT_6A5D5568EBD1E558.txt,2026-07-16T04:06:56Z,2026-07-16T04:06:56Z
LIT_6A642308FB267069,,,cnt_section_rules_v7,skipped,no_available_fulltext,metadata_only,0,0,0,0,0,0,needs_fulltext_review,0,parse_status_skipped:no_available_fulltext,0,0,[],,,2026-07-16T04:14:35Z,2026-07-16T04:14:35Z
LIT_6AFA1A90B4346BB2,,,cnt_section_rules_v7,skipped,no_available_fulltext,metadata_only,0,0,0,0,0,0,needs_fulltext_review,0,parse_status_skipped:no_available_fulltext,0,0,[],,,2026-07-16T04:09:31Z,2026-07-16T04:09:31Z
LIT_6B3D416B1699661A,FT_3AB8EFA9192087C13A0D,9514e4d34e9688b87c18614a9e60ff7bf7dc92e5a560bfda50145b1a5e3fb8e5,cnt_section_rules_v7,success,,good,36,53331,0,1,1,0,candidate_extract,1,fulltext_cnt_identity+experimental_section+multi_type_experimental_evidence,21,104,[],data/raw/fulltext/text/LIT_6B3D416B1699661A.txt,data/interim/parsed_text/LIT_6B3D416B1699661A.txt,2026-07-16T04:39:13Z,2026-07-16T04:39:13Z
LIT_6BD67C99F1AB52B1,,,cnt_section_rules_v7,skipped,no_available_fulltext,metadata_only,0,0,0,0,0,0,needs_fulltext_review,0,parse_status_skipped:no_available_fulltext,0,0,[],,,2026-07-16T04:44:29Z,2026-07-16T04:44:29Z
LIT_6C1D6D8880AEB493,FT_11B53ECC1728BEDAA8D6,9265bde897dbed8b044e82da430ce7dde6b4033376da28c12264a72ab980029e,cnt_section_rules_v7,success,,good,8,26267,0,1,1,0,candidate_extract,1,fulltext_cnt_identity+experimental_section+multi_type_experimental_evidence,19,94,"[""page_2_two_column_reading_order"", ""page_5_two_column_reading_order"", ""page_6_two_column_reading_order"", ""page_8_two_column_reading_order""]",data/raw/fulltext/text/LIT_6C1D6D8880AEB493.txt,data/interim/parsed_text/LIT_6C1D6D8880AEB493.txt,2026-07-16T04:23:00Z,2026-07-16T04:24:22Z
LIT_6D30125E2A7B8D73,,,cnt_section_rules_v7,skipped,no_available_fulltext,metadata_only,0,0,0,0,0,0,needs_fulltext_review,0,parse_status_skipped:no_available_fulltext,0,0,[],,,2026-07-16T04:44:58Z,2026-07-16T04:44:58Z
LIT_6FADA5C6EB2CFD6A,,,cnt_section_rules_v7,skipped,no_available_fulltext,metadata_only,0,0,0,0,0,0,needs_fulltext_review,0,parse_status_skipped:no_available_fulltext,0,0,[],,,2026-07-16T04:37:27Z,2026-07-16T04:37:27Z
LIT_70D04C497CE224FD,,,cnt_section_rules_v7,skipped,no_available_fulltext,metadata_only,0,0,0,0,0,0,needs_fulltext_review,0,parse_status_skipped:no_available_fulltext,0,0,[],,,2026-07-16T04:03:50Z,2026-07-16T04:03:50Z
LIT_71149714577AC71B,FT_E9A732AC85E6E42186B7,3763ec6d3636829da12d8b5d358084955758acbb84a9cb58a97558d85f7e75aa,cnt_section_rules_v7,success,,good,7,23699,0,1,0,0,insufficient_experimental_evidence,0,requires_cnt_identity_experimental_section_and_at_least_two_evidence_types,10,45,[],data/raw/fulltext/text/LIT_71149714577AC71B.txt,data/interim/parsed_text/LIT_71149714577AC71B.txt,2026-07-16T04:36:07Z,2026-07-16T04:36:07Z
LIT_71A4E4C2BB4AEDD8,FT_76E2E047096336BC2B75,e638e20da58682928232c814cc2f5adb89f9b5ae403a13539b84e1f0c0732f2f,cnt_section_rules_v7,success,,good,29,96445,10,1,1,0,candidate_extract,1,fulltext_cnt_identity+experimental_section+multi_type_experimental_evidence,55,204,"[""page_1_scientific_reports_abstract_and_introduction_inferred""]",data/raw/fulltext/text/LIT_71A4E4C2BB4AEDD8.txt,data/interim/parsed_text/LIT_71A4E4C2BB4AEDD8.txt,2026-07-16T04:21:12Z,2026-07-16T04:21:12Z
LIT_71A66ACE3835B00D,FT_FE72989C8C4C107C0617,993a74362b454f213f5b29b0b03103a17433344940487fc347cf82d36a5e052d,cnt_section_rules_v7,success,,good,10,23212,1,1,1,0,candidate_extract,1,fulltext_cnt_identity+experimental_section+multi_type_experimental_evidence,18,61,[],data/raw/fulltext/text/LIT_71A66ACE3835B00D.txt,data/interim/parsed_text/LIT_71A66ACE3835B00D.txt,2026-07-16T04:15:50Z,2026-07-16T04:15:50Z
LIT_736D2CF4EF0E9EB9,,,cnt_section_rules_v7,skipped,no_available_fulltext,metadata_only,0,0,0,0,0,0,needs_fulltext_review,0,parse_status_skipped:no_available_fulltext,0,0,[],,,2026-07-16T04:35:01Z,2026-07-16T04:35:01Z
LIT_76E6DCAD72824A9C,,,cnt_section_rules_v7,skipped,no_available_fulltext,metadata_only,0,0,0,0,0,0,needs_fulltext_review,0,parse_status_skipped:no_available_fulltext,0,0,[],,,2026-07-16T04:35:54Z,2026-07-16T04:35:54Z
LIT_777170442739602C,FT_E9C5380387C84BDD4760,86db57eb7b63033c99dc0ffad5217dc11742775cb055a93dfa2de1d4c2b12619,cnt_section_rules_v7,success,,good,17,62778,0,1,1,0,candidate_extract,1,fulltext_cnt_identity+experimental_section+multi_type_experimental_evidence,26,152,[],data/raw/fulltext/text/LIT_777170442739602C.txt,data/interim/parsed_text/LIT_777170442739602C.txt,2026-07-16T04:06:34Z,2026-07-16T04:06:34Z
LIT_77C8EA9D8BC34BDB,,,cnt_section_rules_v7,skipped,no_available_fulltext,metadata_only,0,0,0,0,0,0,needs_fulltext_review,0,parse_status_skipped:no_available_fulltext,0,0,[],,,2026-07-16T04:45:04Z,2026-07-16T04:45:04Z
LIT_78A77B7ABDB8D073,,,cnt_section_rules_v7,skipped,no_available_fulltext,metadata_only,0,0,0,0,0,0,needs_fulltext_review,0,parse_status_skipped:no_available_fulltext,0,0,[],,,2026-07-16T04:41:10Z,2026-07-16T04:41:10Z
LIT_79F908D3DA4AE6F8,FT_C302671B89FF9F9C145F,eac64b4934127c817476bf0abdbfd1ba7f141d5da96cd69e4fc27fb49520f79b,cnt_section_rules_v7,success,,partial,0,13338,1,0,1,0,candidate_extract,1,fulltext_cnt_identity+experimental_section+multi_type_experimental_evidence,18,34,[],data/raw/fulltext/text/LIT_79F908D3DA4AE6F8.txt,data/interim/parsed_text/LIT_79F908D3DA4AE6F8.txt,2026-07-16T04:36:16Z,2026-07-16T04:36:16Z
LIT_7C4A4A0C70FAAD03,,,cnt_section_rules_v7,skipped,no_available_fulltext,metadata_only,0,0,0,0,0,0,needs_fulltext_review,0,parse_status_skipped:no_available_fulltext,0,0,[],,,2026-07-16T04:39:06Z,2026-07-16T04:39:06Z
LIT_7CABEA170695D083,FT_AF5F4856C4D4E18C45BB,6e369704e8dbd72c1cd6207491f76e0bfc9990efd58be128daa29082c9a0cfd7,cnt_section_rules_v7,success,,good,15,55395,1,1,1,0,candidate_extract,1,fulltext_cnt_identity+experimental_section+multi_type_experimental_evidence,19,69,[],data/raw/fulltext/text/LIT_7CABEA170695D083.txt,data/interim/parsed_text/LIT_7CABEA170695D083.txt,2026-07-16T04:32:49Z,2026-07-16T04:32:49Z
LIT_7CD12DEAD417E01A,,,cnt_section_rules_v7,skipped,no_available_fulltext,metadata_only,0,0,0,0,0,0,needs_fulltext_review,0,parse_status_skipped:no_available_fulltext,0,0,[],,,2026-07-16T04:39:53Z,2026-07-16T04:39:53Z
LIT_7D549B9B7575FB0C,FT_A76AABA09848C36DBD9A,895a8f2f9800fd5bdad54d9ef5a04f95826b690dd7ec773c453002cdfb3e6359,cnt_section_rules_v7,success,,good,10,31724,0,1,1,0,candidate_extract,1,fulltext_cnt_identity+experimental_section+multi_type_experimental_evidence,10,48,[],data/raw/fulltext/text/LIT_7D549B9B7575FB0C.txt,data/interim/parsed_text/LIT_7D549B9B7575FB0C.txt,2026-07-16T04:37:50Z,2026-07-16T04:37:50Z
LIT_7E5CD6860550E16F,,,cnt_section_rules_v7,skipped,no_available_fulltext,metadata_only,0,0,0,0,0,0,needs_fulltext_review,0,parse_status_skipped:no_available_fulltext,0,0,[],,,2026-07-16T04:45:07Z,2026-07-16T04:45:07Z
LIT_7E96F2BDC855F670,FT_2D0B62F87F6EC72BA94A,0d98bb14f00839eade7e0aeeeeff28520b82e9290084fca920b16fc84a689522,cnt_section_rules_v6,success,,partial,0,30145,1,0,0,0,insufficient_experimental_evidence,0,requires_cnt_identity_experimental_section_and_at_least_two_evidence_types,41,49,[],data/raw/fulltext/text/LIT_7E96F2BDC855F670.txt,data/interim/parsed_text/LIT_7E96F2BDC855F670.txt,2026-07-16T02:14:42Z,2026-07-16T02:41:24Z
LIT_7F0D271A0CEB3037,FT_8C9E798FD242AE607B46,f0e15e1411586aba73e5e4e0c2cc542b57207124f96f95b41e98f937a3fd2a98,cnt_section_rules_v7,success,,partial,0,19608,0,0,1,0,candidate_extract,1,fulltext_cnt_identity+experimental_section+multi_type_experimental_evidence,20,81,[],data/raw/fulltext/text/LIT_7F0D271A0CEB3037.txt,data/interim/parsed_text/LIT_7F0D271A0CEB3037.txt,2026-07-16T04:25:06Z,2026-07-16T04:25:06Z
LIT_80A93A92165252BF,,,cnt_section_rules_v7,skipped,no_available_fulltext,metadata_only,0,0,0,0,0,0,needs_fulltext_review,0,parse_status_skipped:no_available_fulltext,0,0,[],,,2026-07-16T04:44:11Z,2026-07-16T04:44:11Z
LIT_80C20A08235D3B9F,,,cnt_section_rules_v7,skipped,no_available_fulltext,metadata_only,0,0,0,0,0,0,needs_fulltext_review,0,parse_status_skipped:no_available_fulltext,0,0,[],,,2026-07-16T04:25:58Z,2026-07-16T04:25:58Z
LIT_82A4395696545B8B,FT_EBFDA37D9D5674B485C5,f528eaed35a72d05f56b5b44204472464d0853fb18b17683d149d3a0f208e1c3,cnt_section_rules_v6,success,,good,10,22105,0,1,1,0,candidate_extract,1,fulltext_cnt_identity+experimental_section+multi_type_experimental_evidence,25,58,"[""page_1_two_column_reading_order"", ""page_3_two_column_reading_order"", ""page_9_two_column_reading_order"", ""page_10_two_column_reading_order""]",data/raw/fulltext/text/LIT_82A4395696545B8B.txt,data/interim/parsed_text/LIT_82A4395696545B8B.txt,2026-07-16T02:14:42Z,2026-07-16T02:21:24Z
LIT_83C35F44509C5A89,,,cnt_section_rules_v7,skipped,no_available_fulltext,metadata_only,0,0,0,0,0,0,needs_fulltext_review,0,parse_status_skipped:no_available_fulltext,0,0,[],,,2026-07-16T04:41:03Z,2026-07-16T04:41:03Z
LIT_83FDA718EAB00C9F,,,cnt_section_rules_v7,skipped,no_available_fulltext,metadata_only,0,0,0,0,0,0,needs_fulltext_review,0,parse_status_skipped:no_available_fulltext,0,0,[],,,2026-07-16T04:33:15Z,2026-07-16T04:33:15Z
LIT_849AD7FB325763D1,FT_0E75D8216EE22AC21599,2016a474a858c54a2e2aa3c5296b151dbf14318dea1a258abf889ec398451650,cnt_section_rules_v6,success,,partial,8,23862,0,0,1,0,candidate_extract,1,fulltext_cnt_identity+experimental_section+multi_type_experimental_evidence,19,94,"[""page_8_two_column_reading_order""]",data/raw/fulltext/text/LIT_849AD7FB325763D1.txt,data/interim/parsed_text/LIT_849AD7FB325763D1.txt,2026-07-16T02:14:42Z,2026-07-16T02:21:25Z
LIT_84D01A58DEA061F1,,,cnt_section_rules_v7,skipped,no_available_fulltext,metadata_only,0,0,0,0,0,0,needs_fulltext_review,0,parse_status_skipped:no_available_fulltext,0,0,[],,,2026-07-16T04:38:41Z,2026-07-16T04:38:41Z
LIT_8761E4F08EA23163,FT_56FD3428AB5DEFBB4FDA,ccacb4452e5462ea4bfe8c1cf4c52bc7e170bc59251f4121989e49c8229f1616,cnt_section_rules_v7,success,,good,22,51251,0,1,1,0,candidate_extract,1,fulltext_cnt_identity+experimental_section+multi_type_experimental_evidence,25,116,[],data/raw/fulltext/text/LIT_8761E4F08EA23163.txt,data/interim/parsed_text/LIT_8761E4F08EA23163.txt,2026-07-16T04:33:10Z,2026-07-16T04:33:10Z
LIT_88FC999940A2D405,FT_9D7E3B17C22B6282D2DB,1bda6eeee24a84c3ddfd2c4adf6163ad3881ca3bfba92a5249c93c1086772b90,cnt_section_rules_v5,success,,metadata_only,0,0,0,0,0,0,needs_fulltext_review,0,,16,126,"[""page_9_two_column_reading_order"", ""page_13_two_column_reading_order""]",data/raw/fulltext/text/LIT_88FC999940A2D405.txt,data/interim/parsed_text/LIT_88FC999940A2D405.txt,2026-07-15T07:24:52Z,2026-07-15T07:34:53Z
LIT_89DB5AF57D638DC8,FT_CBF6A3F28D22148755FD,08cf7fdc4cb82f811856a28ebd46491d2f6f2f0d4f30aab266ffc990f6c15c7c,cnt_section_rules_v7,success,,good,10,35870,9,1,1,0,candidate_extract,1,fulltext_cnt_identity+experimental_section+multi_type_experimental_evidence,29,95,[],data/raw/fulltext/text/LIT_89DB5AF57D638DC8.txt,data/interim/parsed_text/LIT_89DB5AF57D638DC8.txt,2026-07-16T04:38:18Z,2026-07-16T04:38:18Z
LIT_8A877D896C496AAC,FT_9CD02CD8070035BEEC2F,0e04dba5f16959ffc6352c654fb845bd93b02b4e76f52899d1d5869ee1d40d8b,cnt_section_rules_v7,success,,good,0,9175,0,1,0,0,insufficient_experimental_evidence,0,requires_cnt_identity_experimental_section_and_at_least_two_evidence_types,21,5,[],data/raw/fulltext/text/LIT_8A877D896C496AAC.txt,data/interim/parsed_text/LIT_8A877D896C496AAC.txt,2026-07-16T04:40:16Z,2026-07-16T04:40:16Z
LIT_8ABD0883366B39EE,FT_5A51679B91BAE2D835B9,9853cf4d8e14b6bc272956a0a4918fe4d9f7fc1be5e59b639a090c0684f3ee97,cnt_section_rules_v7,success,,good,12,22195,4,1,1,0,candidate_extract,1,fulltext_cnt_identity+experimental_section+multi_type_experimental_evidence,23,67,[],data/raw/fulltext/text/LIT_8ABD0883366B39EE.txt,data/interim/parsed_text/LIT_8ABD0883366B39EE.txt,2026-07-16T04:18:50Z,2026-07-16T04:18:50Z
LIT_91451009FBF2D2EA,,,cnt_section_rules_v7,skipped,no_available_fulltext,metadata_only,0,0,0,0,0,0,needs_fulltext_review,0,parse_status_skipped:no_available_fulltext,0,0,[],,,2026-07-16T04:44:15Z,2026-07-16T04:44:15Z
LIT_925CC404C81BC665,,,cnt_section_rules_v7,skipped,no_available_fulltext,metadata_only,0,0,0,0,0,0,needs_fulltext_review,0,parse_status_skipped:no_available_fulltext,0,0,[],,,2026-07-16T04:42:31Z,2026-07-16T04:42:31Z
LIT_92CE5863384224D6,FT_FDAC3CDFD84BE86DCBD6,aceb0ba9cdc234abd6502f295a5d9c1c1517cc114b9fa5580759714160b3547a,cnt_section_rules_v7,success,,partial,10,31599,5,0,0,0,insufficient_experimental_evidence,0,requires_cnt_identity_experimental_section_and_at_least_two_evidence_types,19,82,"[""page_10_two_column_reading_order""]",data/raw/fulltext/text/LIT_92CE5863384224D6.txt,data/interim/parsed_text/LIT_92CE5863384224D6.txt,2026-07-16T04:07:26Z,2026-07-16T04:07:26Z
LIT_94D32BA662BC711A,FT_16239388E41E6F168C8A,27b562cb73bb7d624e6b0b13409fe438539db792204e3f11ab41f8ad582a561a,cnt_section_rules_v7,success,,good,9,24516,0,1,1,0,candidate_extract,1,fulltext_cnt_identity+experimental_section+multi_type_experimental_evidence,14,52,"[""page_1_two_column_reading_order"", ""page_2_two_column_reading_order"", ""page_3_two_column_reading_order"", ""page_4_two_column_reading_order"", ""page_8_two_column_reading_order"", ""page_9_two_column_reading_order""]",data/raw/fulltext/text/LIT_94D32BA662BC711A.txt,data/interim/parsed_text/LIT_94D32BA662BC711A.txt,2026-07-16T04:30:57Z,2026-07-16T04:30:57Z
LIT_95834C147B3AFE07,,,cnt_section_rules_v7,skipped,no_available_fulltext,metadata_only,0,0,0,0,0,0,needs_fulltext_review,0,parse_status_skipped:no_available_fulltext,0,0,[],,,2026-07-16T04:41:17Z,2026-07-16T04:41:17Z
LIT_96041AC63340C376,FT_764ECD3C12440F320F63,599a64971dc19d18bb75537c421823956c4599b80873ad4fb3773384d5c30806,cnt_section_rules_v7,success,,good,16,39379,3,1,0,0,insufficient_experimental_evidence,0,requires_cnt_identity_experimental_section_and_at_least_two_evidence_types,23,68,"[""page_11_two_column_reading_order"", ""page_12_two_column_reading_order"", ""page_13_two_column_reading_order""]",data/raw/fulltext/text/LIT_96041AC63340C376.txt,data/interim/parsed_text/LIT_96041AC63340C376.txt,2026-07-16T04:37:03Z,2026-07-16T04:37:03Z
LIT_9797FA2C22DBDC55,FT_2831EB5A96C7D9374828,4f43465aaf532ec4880561d281b40530b1e269ad51b1f5f96b44c7ed56b65c79,cnt_section_rules_v7,success,,partial,0,28630,1,0,0,0,insufficient_experimental_evidence,0,requires_cnt_identity_experimental_section_and_at_least_two_evidence_types,36,82,[],data/raw/fulltext/text/LIT_9797FA2C22DBDC55.txt,data/interim/parsed_text/LIT_9797FA2C22DBDC55.txt,2026-07-16T04:37:19Z,2026-07-16T04:37:19Z
LIT_97B977951A7C653F,FT_442F86A58691F8AE4C46,6acf5407590f186d64d66105e98c5d385f9abdd5d8d56f2eb450ea003ed1a589,cnt_section_rules_v6,success,,good,5,11251,0,1,1,0,candidate_extract,1,fulltext_cnt_identity+experimental_section+multi_type_experimental_evidence,13,54,[],data/raw/fulltext/text/LIT_97B977951A7C653F.txt,data/interim/parsed_text/LIT_97B977951A7C653F.txt,2026-07-16T02:14:42Z,2026-07-16T02:21:26Z
LIT_9A3617C1B429A8F2,FT_7D1CF4AC95FD1ED62903,f693f3e87d7ef5a6dbc12c816a3e3b1328127979e3243ab9fbfb00f71468d931,cnt_section_rules_v7,success,,good,94,90290,23,1,1,0,candidate_extract,1,fulltext_cnt_identity+experimental_section+multi_type_experimental_evidence,138,260,"[""page_34_two_column_reading_order""]",data/raw/fulltext/text/LIT_9A3617C1B429A8F2.txt,data/interim/parsed_text/LIT_9A3617C1B429A8F2.txt,2026-07-16T04:34:09Z,2026-07-16T04:34:09Z
LIT_9A6884F1BCF7D6CC,FT_FA62E6B2545DFD4CFC68,d253961457d78b497db47d5b7618b6d84f82a3af4d2d9b7fea84c09967cc46ed,cnt_section_rules_v7,success,,partial,0,31310,2,0,1,0,candidate_extract,1,fulltext_cnt_identity+experimental_section+multi_type_experimental_evidence,33,72,[],data/raw/fulltext/text/LIT_9A6884F1BCF7D6CC.txt,data/interim/parsed_text/LIT_9A6884F1BCF7D6CC.txt,2026-07-16T04:46:08Z,2026-07-16T04:46:08Z
LIT_9B1D9A7023DB7A6C,,,cnt_section_rules_v7,skipped,no_available_fulltext,metadata_only,0,0,0,0,0,0,needs_fulltext_review,0,parse_status_skipped:no_available_fulltext,0,0,[],,,2026-07-16T04:26:51Z,2026-07-16T04:26:51Z
LIT_9B43B350883D2B6F,FT_873FC0A7E29CC975C7F5,e71cdb9862d62bccfc311da29abbd51b9ee8ee2ac141bc2ba27f7547a514c079,cnt_section_rules_v7,success,,good,17,63515,0,1,1,0,candidate_extract,1,fulltext_cnt_identity+experimental_section+multi_type_experimental_evidence,28,173,[],data/raw/fulltext/text/LIT_9B43B350883D2B6F.txt,data/interim/parsed_text/LIT_9B43B350883D2B6F.txt,2026-07-16T04:26:27Z,2026-07-16T04:26:27Z
LIT_9E6CDAC43CB4999A,,,cnt_section_rules_v6,skipped,no_available_fulltext,metadata_only,0,0,0,0,0,0,needs_fulltext_review,0,parse_status_skipped:no_available_fulltext,0,0,[],,,2026-07-16T02:14:42Z,2026-07-16T02:14:42Z
LIT_9FF1E93751DCE27D,,,cnt_section_rules_v7,skipped,no_available_fulltext,metadata_only,0,0,0,0,0,0,needs_fulltext_review,0,parse_status_skipped:no_available_fulltext,0,0,[],,,2026-07-16T04:34:30Z,2026-07-16T04:34:30Z
LIT_A2A3774653FE8DDC,,,cnt_section_rules_v7,skipped,no_available_fulltext,metadata_only,0,0,0,0,0,0,needs_fulltext_review,0,parse_status_skipped:no_available_fulltext,0,0,[],,,2026-07-16T04:03:28Z,2026-07-16T04:03:28Z
LIT_A30F475D9CEBCEB0,,,cnt_section_rules_v7,skipped,no_available_fulltext,metadata_only,0,0,0,0,0,0,needs_fulltext_review,0,parse_status_skipped:no_available_fulltext,0,0,[],,,2026-07-16T04:44:36Z,2026-07-16T04:44:36Z
LIT_A4E38E9C51ED6D44,FT_943E4B8C302DF38A3831,60e6076ddec8349deddb62a020808368a409f8462db618d8a59082c7b457728a,cnt_section_rules_v7,success,,good,12,50417,0,1,1,0,candidate_extract,1,fulltext_cnt_identity+experimental_section+multi_type_experimental_evidence,19,132,"[""page_4_two_column_reading_order"", ""page_7_two_column_reading_order"", ""page_9_two_column_reading_order"", ""page_12_two_column_reading_order""]",data/raw/fulltext/text/LIT_A4E38E9C51ED6D44.txt,data/interim/parsed_text/LIT_A4E38E9C51ED6D44.txt,2026-07-16T04:34:56Z,2026-07-16T04:34:56Z
LIT_A590E23A531DD9BE,FT_AC23DD7FD98F0B36D6D0,68c0bb0c6778226c24f0a75d21ed32fc9102e1642f5f2eac4b7cc81120d0de3c,cnt_section_rules_v7,success,,good,130,100490,0,1,1,0,candidate_extract,1,fulltext_cnt_identity+experimental_section+multi_type_experimental_evidence,145,211,[],data/raw/fulltext/text/LIT_A590E23A531DD9BE.txt,data/interim/parsed_text/LIT_A590E23A531DD9BE.txt,2026-07-16T04:04:36Z,2026-07-16T04:04:36Z
LIT_A6352ED09495ADE6,,,cnt_section_rules_v7,skipped,no_available_fulltext,metadata_only,0,0,0,0,0,0,needs_fulltext_review,0,parse_status_skipped:no_available_fulltext,0,0,[],,,2026-07-16T04:39:59Z,2026-07-16T04:39:59Z
LIT_A67692827E9AD9EF,FT_049513964E84DEB7D157,b3037bce977e73f39b55338a5924357fea4fe8e5f01ad079760de5860b67129b,cnt_section_rules_v7,success,,good,19,70700,0,1,1,0,candidate_extract,1,fulltext_cnt_identity+experimental_section+multi_type_experimental_evidence,20,132,"[""page_2_two_column_reading_order"", ""page_10_two_column_reading_order""]",data/raw/fulltext/text/LIT_A67692827E9AD9EF.txt,data/interim/parsed_text/LIT_A67692827E9AD9EF.txt,2026-07-16T04:07:13Z,2026-07-16T04:07:13Z
LIT_A7E485A52DA7BA40,FT_9EA807D5738E81D7E43C,182bb37c7d0bdb374b1e59287516c5daf64d044e8edd96fb56cee6e588995642,cnt_section_rules_v7,success,,good,15,60978,4,1,1,0,candidate_extract,1,fulltext_cnt_identity+experimental_section+multi_type_experimental_evidence,33,136,[],data/raw/fulltext/text/LIT_A7E485A52DA7BA40.txt,data/interim/parsed_text/LIT_A7E485A52DA7BA40.txt,2026-07-16T04:35:47Z,2026-07-16T04:35:47Z
LIT_AB19A8D536DD7DF2,FT_98466D3CBEBA1BBB80B2,569e5348c49a65d69e7b65444c05a95a14a691a6acb845c6416153d7f95aff0d,cnt_section_rules_v6,success,,good,16,55905,1,1,0,0,insufficient_experimental_evidence,0,requires_cnt_identity_experimental_section_and_at_least_two_evidence_types,31,173,"[""page_3_two_column_reading_order"", ""page_10_two_column_reading_order"", ""page_15_two_column_reading_order"", ""page_16_two_column_reading_order""]",data/raw/fulltext/text/LIT_AB19A8D536DD7DF2.txt,data/interim/parsed_text/LIT_AB19A8D536DD7DF2.txt,2026-07-16T02:14:42Z,2026-07-16T02:41:24Z
LIT_ACDFBAEA33554788,,,cnt_section_rules_v7,skipped,no_available_fulltext,metadata_only,0,0,0,0,0,0,needs_fulltext_review,0,parse_status_skipped:no_available_fulltext,0,0,[],,,2026-07-16T04:24:26Z,2026-07-16T04:24:26Z
LIT_AE42008958B41BB3,,,cnt_section_rules_v7,skipped,no_available_fulltext,metadata_only,0,0,0,0,0,0,needs_fulltext_review,0,parse_status_skipped:no_available_fulltext,0,0,[],,,2026-07-16T04:18:23Z,2026-07-16T04:18:23Z
LIT_AFA5F6070C3053B2,,,cnt_section_rules_v7,skipped,no_available_fulltext,metadata_only,0,0,0,0,0,0,needs_fulltext_review,0,parse_status_skipped:no_available_fulltext,0,0,[],,,2026-07-16T04:24:38Z,2026-07-16T04:24:38Z
LIT_B001742209BFB7A3,FT_DF6978205D8E5E1F584A,700c5f7722a7d3b65333750ccc803c7b51447755374aa4016cfdc0ecb992259a,cnt_section_rules_v7,success,,good,14,34931,0,1,1,0,candidate_extract,1,fulltext_cnt_identity+experimental_section+multi_type_experimental_evidence,28,75,"[""page_2_two_column_reading_order"", ""page_3_two_column_reading_order"", ""page_6_two_column_reading_order"", ""page_8_two_column_reading_order""]",data/raw/fulltext/text/LIT_B001742209BFB7A3.txt,data/interim/parsed_text/LIT_B001742209BFB7A3.txt,2026-07-16T04:32:59Z,2026-07-16T04:32:59Z
LIT_B3E940ECE82E056A,,,cnt_section_rules_v7,skipped,no_available_fulltext,metadata_only,0,0,0,0,0,0,needs_fulltext_review,0,parse_status_skipped:no_available_fulltext,0,0,[],,,2026-07-16T04:43:38Z,2026-07-16T04:43:38Z
LIT_B6DA758AB9D1C00B,FT_91BD174ECEBFC6AE50FD,faf73876239254b777d6e910f6d1fd1ecc745f30e6dfa865e4cea900584ae770,cnt_section_rules_v7,success,,good,7,22117,0,1,0,0,insufficient_experimental_evidence,0,requires_cnt_identity_experimental_section_and_at_least_two_evidence_types,17,56,"[""page_2_two_column_reading_order"", ""page_7_two_column_reading_order""]",data/raw/fulltext/text/LIT_B6DA758AB9D1C00B.txt,data/interim/parsed_text/LIT_B6DA758AB9D1C00B.txt,2026-07-16T04:03:41Z,2026-07-16T04:03:41Z
LIT_B737792873D4A97E,FT_B0AA09C3D0C6AC448646,1ae38bdd45021439d1896545f2c0a2a0983d930a1d7bbabf158e24e8b97a28c1,cnt_section_rules_v7,success,,good,5,15069,0,1,1,0,candidate_extract,1,fulltext_cnt_identity+experimental_section+multi_type_experimental_evidence,12,62,"[""page_4_two_column_reading_order""]",data/raw/fulltext/text/LIT_B737792873D4A97E.txt,data/interim/parsed_text/LIT_B737792873D4A97E.txt,2026-07-16T04:26:55Z,2026-07-16T04:26:55Z
LIT_B87E5503BFB816F7,,,cnt_section_rules_v7,skipped,no_available_fulltext,metadata_only,0,0,0,0,0,0,needs_fulltext_review,0,parse_status_skipped:no_available_fulltext,0,0,[],,,2026-07-16T04:38:57Z,2026-07-16T04:38:57Z
LIT_BA29B44179EB3783,FT_94CF073A536726466F40,414357a3b135f9b25fa36e204929043775263a190a6afcfac1c63b440e6da32b,cnt_section_rules_v7,success,,good,44,53972,1,1,1,0,candidate_extract,1,fulltext_cnt_identity+experimental_section+multi_type_experimental_evidence,19,114,[],data/raw/fulltext/text/LIT_BA29B44179EB3783.txt,data/interim/parsed_text/LIT_BA29B44179EB3783.txt,2026-07-16T04:38:29Z,2026-07-16T04:38:29Z
LIT_BCDE11C4AA968CDF,FT_8245B5800951E0DA4372,cdfefd6eb7bce638dfcd1a226ed6e660dbdfe0a0d7bdf7595bae6aa89dd00850,cnt_section_rules_v7,success,,unreadable,0,0,0,0,0,0,needs_fulltext_review,0,parse_quality_unreadable_blocks_automatic_candidate,2,5,[],data/raw/fulltext/text/LIT_BCDE11C4AA968CDF.txt,data/interim/parsed_text/LIT_BCDE11C4AA968CDF.txt,2026-07-16T04:35:18Z,2026-07-16T04:35:18Z
LIT_BD4EB81F96BE4EFC,,,cnt_section_rules_v5,skipped,no_available_fulltext,metadata_only,0,0,0,0,0,0,needs_fulltext_review,0,,0,0,[],,,2026-07-15T07:30:16Z,2026-07-15T07:35:20Z
LIT_C218734AA7F3AF9E,FT_AA4F0343E408A54BED12,e4935d687e31546616d0ee4dd2fdd93f767f4130f838d6facc4de55ff426f13c,cnt_section_rules_v7,success,,good,30,38132,0,1,1,0,candidate_extract,1,fulltext_cnt_identity+experimental_section+multi_type_experimental_evidence,18,86,[],data/raw/fulltext/text/LIT_C218734AA7F3AF9E.txt,data/interim/parsed_text/LIT_C218734AA7F3AF9E.txt,2026-07-16T04:11:17Z,2026-07-16T04:11:17Z
LIT_C315059E43457080,,,cnt_section_rules_v7,skipped,no_available_fulltext,metadata_only,0,0,0,0,0,0,needs_fulltext_review,0,parse_status_skipped:no_available_fulltext,0,0,[],,,2026-07-16T04:43:11Z,2026-07-16T04:43:11Z
LIT_C71E7D38A1D39559,,,cnt_section_rules_v7,skipped,no_available_fulltext,metadata_only,0,0,0,0,0,0,needs_fulltext_review,0,parse_status_skipped:no_available_fulltext,0,0,[],,,2026-07-16T04:42:37Z,2026-07-16T04:42:37Z
LIT_C726D1011E035C35,FT_7F7C1E8407D196F67B8A,6d9fbe5e36956a1707ac69df5c56fdeb635b8d8e608cada813db0fdb41bd4cd3,cnt_section_rules_v7,success,,good,28,63947,12,1,1,0,candidate_extract,1,fulltext_cnt_identity+experimental_section+multi_type_experimental_evidence,77,300,[],data/raw/fulltext/text/LIT_C726D1011E035C35.txt,data/interim/parsed_text/LIT_C726D1011E035C35.txt,2026-07-16T04:09:05Z,2026-07-16T04:09:05Z
LIT_C78FACE8C438AE4B,,,cnt_section_rules_v7,skipped,no_available_fulltext,metadata_only,0,0,0,0,0,0,needs_fulltext_review,0,parse_status_skipped:no_available_fulltext,0,0,[],,,2026-07-16T04:44:49Z,2026-07-16T04:44:49Z
LIT_C9225882C7129538,FT_AA2B8D4BE12E43CD0923,0f15d32a0b9665ea8a485949d64c2f480952b055f3dd806b7fe7206b588cdb5e,cnt_section_rules_v7,success,,unreadable,0,0,0,0,0,0,needs_fulltext_review,0,parse_quality_unreadable_blocks_automatic_candidate,2,9,[],data/raw/fulltext/text/LIT_C9225882C7129538.txt,data/interim/parsed_text/LIT_C9225882C7129538.txt,2026-07-16T04:39:41Z,2026-07-16T04:39:41Z
LIT_C928134CFAB77D18,,,cnt_section_rules_v7,skipped,no_available_fulltext,metadata_only,0,0,0,0,0,0,needs_fulltext_review,0,parse_status_skipped:no_available_fulltext,0,0,[],,,2026-07-16T04:44:26Z,2026-07-16T04:44:26Z
LIT_C94175DFBAED274E,FT_936A90A088CCE7997394,13ea73db32c8aed01fb48387781cde841378711c2b9a6a96b08a77e4e290f4fd,cnt_section_rules_v7,success,,good,8,21324,0,1,0,0,insufficient_experimental_evidence,0,requires_cnt_identity_experimental_section_and_at_least_two_evidence_types,19,64,"[""page_1_scientific_reports_abstract_and_introduction_inferred""]",data/raw/fulltext/text/LIT_C94175DFBAED274E.txt,data/interim/parsed_text/LIT_C94175DFBAED274E.txt,2026-07-16T04:37:41Z,2026-07-16T04:37:41Z
LIT_CB3728625EE36E64,FT_0D186737DE3CBC70D941,1f4086793b9148e8a2d2ec1f7c9d0b0a67b0e58f7c9cbefa62861ca65bd14def,cnt_section_rules_v6,success,,partial,0,38556,0,0,0,0,insufficient_experimental_evidence,0,requires_cnt_identity_experimental_section_and_at_least_two_evidence_types,6,124,[],data/raw/fulltext/text/LIT_CB3728625EE36E64.txt,data/interim/parsed_text/LIT_CB3728625EE36E64.txt,2026-07-16T02:14:42Z,2026-07-16T02:21:27Z
LIT_CC1837EDE2344C3D,FT_7DA901E2E753F14AE095,4a1df55cbef890c9978e14908f724849dc8c67dcfdcab447cadf4db8c98b2726,cnt_section_rules_v7,success,,partial,0,28624,6,0,1,0,candidate_extract,1,fulltext_cnt_identity+experimental_section+multi_type_experimental_evidence,33,100,[],data/raw/fulltext/text/LIT_CC1837EDE2344C3D.txt,data/interim/parsed_text/LIT_CC1837EDE2344C3D.txt,2026-07-16T04:19:21Z,2026-07-16T04:19:21Z
LIT_CF3766DB7A5E26B9,,,cnt_section_rules_v7,skipped,no_available_fulltext,metadata_only,0,0,0,0,0,0,needs_fulltext_review,0,parse_status_skipped:no_available_fulltext,0,0,[],,,2026-07-16T04:15:37Z,2026-07-16T04:15:37Z
LIT_CF56A19ED6BBCB01,,,cnt_section_rules_v7,skipped,no_available_fulltext,metadata_only,0,0,0,0,0,0,needs_fulltext_review,0,parse_status_skipped:no_available_fulltext,0,0,[],,,2026-07-16T04:26:02Z,2026-07-16T04:26:02Z
LIT_D1AF7614B5E2F098,FT_1E7829A3CEC1EB8F4112,5a64f3a7f32e4167cf38c9507f19c147ab13a3d9dc0ad0d3e416716aa38fe0c7,cnt_section_rules_v6,success,,good,30,46831,3,1,1,0,candidate_extract,1,fulltext_cnt_identity+experimental_section+multi_type_experimental_evidence,23,99,[],data/raw/fulltext/text/LIT_D1AF7614B5E2F098.txt,data/interim/parsed_text/LIT_D1AF7614B5E2F098.txt,2026-07-16T02:14:42Z,2026-07-16T02:41:28Z
LIT_DA62998A464D0B34,,,cnt_section_rules_v7,skipped,no_available_fulltext,metadata_only,0,0,0,0,0,0,needs_fulltext_review,0,parse_status_skipped:no_available_fulltext,0,0,[],,,2026-07-16T04:45:59Z,2026-07-16T04:45:59Z
LIT_DB283D1C5235DA93,,,cnt_section_rules_v7,skipped,no_available_fulltext,metadata_only,0,0,0,0,0,0,needs_fulltext_review,0,parse_status_skipped:no_available_fulltext,0,0,[],,,2026-07-16T04:14:58Z,2026-07-16T04:14:58Z
LIT_DF814A8718A9C99E,,,cnt_section_rules_v7,skipped,no_available_fulltext,metadata_only,0,0,0,0,0,0,needs_fulltext_review,0,parse_status_skipped:no_available_fulltext,0,0,[],,,2026-07-16T04:43:05Z,2026-07-16T04:43:05Z
LIT_E099468AD3074B0A,FT_74D6FAC61A4F1F91F7F3,1098b4217f4293efbd799874bafb72002ba81c285241a2ac591774dbdccc390b,cnt_section_rules_v6,success,,good,8,35102,0,1,1,0,candidate_extract,1,fulltext_cnt_identity+experimental_section+multi_type_experimental_evidence,19,59,"[""page_5_two_column_reading_order"", ""page_8_two_column_reading_order""]",data/raw/fulltext/text/LIT_E099468AD3074B0A.txt,data/interim/parsed_text/LIT_E099468AD3074B0A.txt,2026-07-16T02:14:42Z,2026-07-16T02:41:31Z
LIT_E13B930955884551,,,cnt_section_rules_v7,skipped,no_available_fulltext,metadata_only,0,0,0,0,0,0,needs_fulltext_review,0,parse_status_skipped:no_available_fulltext,0,0,[],,,2026-07-16T04:36:20Z,2026-07-16T04:36:20Z
LIT_E143C2299B8F1763,FT_569BAA02F2D54F7A8905,d7b83e9f0ac50ac010ad3ebfd8c72083c7d95a06380d649c234611fb03417b99,cnt_section_rules_v7,success,,good,6,20643,0,1,0,0,insufficient_experimental_evidence,0,requires_cnt_identity_experimental_section_and_at_least_two_evidence_types,23,68,"[""page_2_two_column_reading_order"", ""page_3_two_column_reading_order"", ""page_4_two_column_reading_order"", ""page_5_two_column_reading_order""]",data/raw/fulltext/text/LIT_E143C2299B8F1763.txt,data/interim/parsed_text/LIT_E143C2299B8F1763.txt,2026-07-16T04:27:02Z,2026-07-16T04:27:02Z
LIT_E53DEA9D83E63299,,,cnt_section_rules_v7,skipped,no_available_fulltext,metadata_only,0,0,0,0,0,0,needs_fulltext_review,0,parse_status_skipped:no_available_fulltext,0,0,[],,,2026-07-16T04:42:53Z,2026-07-16T04:42:53Z
LIT_E59DADD0A138DCAC,FT_35D00F8673734E4993EB,c1641f0a5cde4e1890a5f21fc03032c7929d187b3ff12882b2d6f2c2ae602093,cnt_section_rules_v6,success,,good,284,378448,16,1,1,0,candidate_extract,1,fulltext_cnt_identity+experimental_section+multi_type_experimental_evidence,263,482,"[""page_9_two_column_reading_order"", ""page_259_two_column_reading_order"", ""page_263_two_column_reading_order"", ""page_264_two_column_reading_order""]",data/raw/fulltext/text/LIT_E59DADD0A138DCAC.txt,data/interim/parsed_text/LIT_E59DADD0A138DCAC.txt,2026-07-16T02:14:42Z,2026-07-16T02:21:27Z
LIT_E73E76ED1EA1C0E4,,,cnt_section_rules_v7,skipped,no_available_fulltext,metadata_only,0,0,0,0,0,0,needs_fulltext_review,0,parse_status_skipped:no_available_fulltext,0,0,[],,,2026-07-16T04:41:00Z,2026-07-16T04:41:00Z
LIT_E78B76EE29224064,,,cnt_section_rules_v7,skipped,no_available_fulltext,metadata_only,0,0,0,0,0,0,needs_fulltext_review,0,parse_status_skipped:no_available_fulltext,0,0,[],,,2026-07-16T04:36:56Z,2026-07-16T04:36:56Z
LIT_E7EE67D8E5246854,,,cnt_section_rules_v7,skipped,no_available_fulltext,metadata_only,0,0,0,0,0,0,needs_fulltext_review,0,parse_status_skipped:no_available_fulltext,0,0,[],,,2026-07-16T04:42:22Z,2026-07-16T04:42:22Z
LIT_E8DE06415D694B2B,,,cnt_section_rules_v7,skipped,no_available_fulltext,metadata_only,0,0,0,0,0,0,needs_fulltext_review,0,parse_status_skipped:no_available_fulltext,0,0,[],,,2026-07-16T04:14:44Z,2026-07-16T04:14:44Z
LIT_E8FE9FB51AC672F0,,,cnt_section_rules_v7,skipped,no_available_fulltext,metadata_only,0,0,0,0,0,0,needs_fulltext_review,0,parse_status_skipped:no_available_fulltext,0,0,[],,,2026-07-16T04:34:24Z,2026-07-16T04:34:24Z
LIT_E90939E07D9CD188,,,cnt_section_rules_v7,skipped,no_available_fulltext,metadata_only,0,0,0,0,0,0,needs_fulltext_review,0,parse_status_skipped:no_available_fulltext,0,0,[],,,2026-07-16T04:39:35Z,2026-07-16T04:39:35Z
LIT_E949264AD5000FE1,FT_01F88F768234FE1E56B0,4c03e67b32ce9b9e77f9f3d755e1c11cf6295a8651aeaefb24c289d865f5563e,cnt_section_rules_v7,success,,partial,0,20108,2,0,1,0,candidate_extract,1,fulltext_cnt_identity+experimental_section+multi_type_experimental_evidence,20,69,[],data/raw/fulltext/text/LIT_E949264AD5000FE1.txt,data/interim/parsed_text/LIT_E949264AD5000FE1.txt,2026-07-16T04:35:11Z,2026-07-16T04:35:11Z
LIT_E9527B62ACCB5FAE,FT_E4689FA9CFFA82131F1D,4f190cfa6835fd8f90c67a101c9708d4fa00a1a6865134ce2e4b8118aecf69c5,cnt_section_rules_v7,success,,partial,0,17984,0,0,0,0,insufficient_experimental_evidence,0,requires_cnt_identity_experimental_section_and_at_least_two_evidence_types,37,66,[],data/raw/fulltext/text/LIT_E9527B62ACCB5FAE.txt,data/interim/parsed_text/LIT_E9527B62ACCB5FAE.txt,2026-07-16T04:38:08Z,2026-07-16T04:38:08Z
LIT_E95F6638C71EC3C6,,,cnt_section_rules_v7,skipped,no_available_fulltext,metadata_only,0,0,0,0,0,0,needs_fulltext_review,0,parse_status_skipped:no_available_fulltext,0,0,[],,,2026-07-16T04:07:43Z,2026-07-16T04:07:43Z
LIT_EB28A99EB5E9DC87,FT_06A42647CB9CC22229FD,726f5ead70d80408a8c25dd0d60472249befce5e7d71892f430e27d782e2f6dc,cnt_section_rules_v7,success,,good,26,58265,0,1,1,0,candidate_extract,1,fulltext_cnt_identity+experimental_section+multi_type_experimental_evidence,41,196,[],data/raw/fulltext/text/LIT_EB28A99EB5E9DC87.txt,data/interim/parsed_text/LIT_EB28A99EB5E9DC87.txt,2026-07-16T04:10:35Z,2026-07-16T04:10:35Z
LIT_EB2BD7ACC3C71120,,,cnt_section_rules_v7,skipped,no_available_fulltext,metadata_only,0,0,0,0,0,0,needs_fulltext_review,0,parse_status_skipped:no_available_fulltext,0,0,[],,,2026-07-16T04:44:23Z,2026-07-16T04:44:23Z
LIT_EB3FAF39161934F8,,,cnt_section_rules_v7,skipped,no_available_fulltext,metadata_only,0,0,0,0,0,0,needs_fulltext_review,0,parse_status_skipped:no_available_fulltext,0,0,[],,,2026-07-16T04:40:55Z,2026-07-16T04:40:55Z
LIT_EC90CFDB47F2377F,FT_E0A6F7A101EA6CF6C83D,7f45b54b9dcadb03563cb199fe134480121d11524e44c07930f40ef3cede05e2,cnt_section_rules_v6,success,,good,7,23472,0,1,1,0,candidate_extract,1,fulltext_cnt_identity+experimental_section+multi_type_experimental_evidence,12,53,[],data/raw/fulltext/text/LIT_EC90CFDB47F2377F.txt,data/interim/parsed_text/LIT_EC90CFDB47F2377F.txt,2026-07-16T02:14:42Z,2026-07-16T02:41:33Z
LIT_EC98DCB343E903C7,,,cnt_section_rules_v7,skipped,no_available_fulltext,metadata_only,0,0,0,0,0,0,needs_fulltext_review,0,parse_status_skipped:no_available_fulltext,0,0,[],,,2026-07-16T04:44:52Z,2026-07-16T04:44:52Z
LIT_ECA602A87CFC3EC3,,,cnt_section_rules_v7,skipped,no_available_fulltext,metadata_only,0,0,0,0,0,0,needs_fulltext_review,0,parse_status_skipped:no_available_fulltext,0,0,[],,,2026-07-16T04:42:43Z,2026-07-16T04:42:43Z
LIT_F21A6E2777DFE134,,,cnt_section_rules_v7,skipped,no_available_fulltext,metadata_only,0,0,0,0,0,0,needs_fulltext_review,0,parse_status_skipped:no_available_fulltext,0,0,[],,,2026-07-16T04:43:56Z,2026-07-16T04:43:56Z
LIT_F468A1E4EA97CACA,,,cnt_section_rules_v7,skipped,no_available_fulltext,metadata_only,0,0,0,0,0,0,needs_fulltext_review,0,parse_status_skipped:no_available_fulltext,0,0,[],,,2026-07-16T04:40:51Z,2026-07-16T04:40:51Z
LIT_F50C7AB0FAE28AAD,,,cnt_section_rules_v7,skipped,no_available_fulltext,metadata_only,0,0,0,0,0,0,needs_fulltext_review,0,parse_status_skipped:no_available_fulltext,0,0,[],,,2026-07-16T04:39:56Z,2026-07-16T04:39:56Z
LIT_F5C517498209ABBA,FT_91D47A16A067D367A6F4,7f13c21ac393d964e294a6339863fe7d360c784f35aca633fe243416233b8155,cnt_section_rules_v7,success,,partial,0,25170,4,0,1,0,candidate_extract,1,fulltext_cnt_identity+experimental_section+multi_type_experimental_evidence,42,132,[],data/raw/fulltext/text/LIT_F5C517498209ABBA.txt,data/interim/parsed_text/LIT_F5C517498209ABBA.txt,2026-07-16T04:19:05Z,2026-07-16T04:19:05Z
LIT_F64EACA2D669B320,FT_E1999967AA605357228A,5c200581f9cb34d5bf7c04715839ebe5813251ffda27d34bb8f6bfbf55a3dca6,cnt_section_rules_v7,success,,partial,190,203402,15,0,1,0,candidate_extract,1,fulltext_cnt_identity+experimental_section+multi_type_experimental_evidence,155,718,[],data/raw/fulltext/text/LIT_F64EACA2D669B320.txt,data/interim/parsed_text/LIT_F64EACA2D669B320.txt,2026-07-16T04:18:03Z,2026-07-16T04:18:03Z
LIT_F6B2DB3CC3BAB571,,,cnt_section_rules_v7,skipped,no_available_fulltext,metadata_only,0,0,0,0,0,0,needs_fulltext_review,0,parse_status_skipped:no_available_fulltext,0,0,[],,,2026-07-16T04:44:05Z,2026-07-16T04:44:05Z
LIT_F6D83F1702976124,,,cnt_section_rules_v7,skipped,no_available_fulltext,metadata_only,0,0,0,0,0,0,needs_fulltext_review,0,parse_status_skipped:no_available_fulltext,0,0,[],,,2026-07-16T04:43:53Z,2026-07-16T04:43:53Z
LIT_F6F6FDC0AA3C72A9,,,cnt_section_rules_v7,skipped,no_available_fulltext,metadata_only,0,0,0,0,0,0,needs_fulltext_review,0,parse_status_skipped:no_available_fulltext,0,0,[],,,2026-07-16T04:14:38Z,2026-07-16T04:14:38Z
LIT_F71FE83AF8BAF6E7,FT_21C9C830704412E7318D,044347eeec7c4a391c34872b8603dc23606cb36a0509e11a925c3be79cdd14b8,cnt_section_rules_v6,success,,good,18,21301,0,1,0,0,insufficient_experimental_evidence,0,requires_cnt_identity_experimental_section_and_at_least_two_evidence_types,9,62,[],data/raw/fulltext/text/LIT_F71FE83AF8BAF6E7.txt,data/interim/parsed_text/LIT_F71FE83AF8BAF6E7.txt,2026-07-16T02:14:42Z,2026-07-16T02:41:34Z
LIT_F7D0F5C6CBE17B59,,,cnt_section_rules_v7,skipped,no_available_fulltext,metadata_only,0,0,0,0,0,0,needs_fulltext_review,0,parse_status_skipped:no_available_fulltext,0,0,[],,,2026-07-16T04:18:30Z,2026-07-16T04:18:30Z
LIT_F9ED79E1CCABED15,FT_EA9B7D63D40300799995,38282a4fbd1ef8baeda3cd329062fb10c3692ab6f890963a1b85ef24a1ea5277,cnt_section_rules_v7,success,,good,6,20118,14,1,1,0,candidate_extract,1,fulltext_cnt_identity+experimental_section+multi_type_experimental_evidence,36,110,"[""page_2_two_column_reading_order"", ""page_5_two_column_reading_order""]",data/raw/fulltext/text/LIT_F9ED79E1CCABED15.txt,data/interim/parsed_text/LIT_F9ED79E1CCABED15.txt,2026-07-16T04:38:36Z,2026-07-16T04:38:36Z
LIT_FB76AA75976322C2,FT_50C2AB12FA6570189AC6,02b54e4c1e57bf09cc3e7cfebad6f9a96313d943f8111e562aebec783bbf45c6,cnt_section_rules_v7,success,,good,10,24997,2,1,1,0,candidate_extract,1,fulltext_cnt_identity+experimental_section+multi_type_experimental_evidence,19,62,"[""page_10_two_column_reading_order""]",data/raw/fulltext/text/LIT_FB76AA75976322C2.txt,data/interim/parsed_text/LIT_FB76AA75976322C2.txt,2026-07-16T04:25:15Z,2026-07-16T04:25:15Z
LIT_FBB61BB3B58BBBCC,FT_4C4D3C7D96FADC383038,5cf4f0256e5f259276c2bd22b58bbb67278096a4e625fc59af2f1e71e7c1ed1d,cnt_section_rules_v7,success,,good,11,35640,0,1,1,0,insufficient_experimental_evidence,0,requires_cnt_identity_experimental_section_and_at_least_two_evidence_types,12,5,"[""page_10_two_column_reading_order""]",data/raw/fulltext/text/LIT_FBB61BB3B58BBBCC.txt,data/interim/parsed_text/LIT_FBB61BB3B58BBBCC.txt,2026-07-16T04:30:52Z,2026-07-16T04:30:52Z
LIT_FBC1DDD86139179A,FT_8F2F0688EAEDA93F5E2B,bc7b53adb2fa3ac0d8d35b4fbcdafdf435494b292af20cccd73c398b442b9a46,cnt_section_rules_v7,success,,partial,6,18968,0,0,1,0,candidate_extract,1,fulltext_cnt_identity+experimental_section+multi_type_experimental_evidence,13,63,"[""page_3_two_column_reading_order""]",data/raw/fulltext/text/LIT_FBC1DDD86139179A.txt,data/interim/parsed_text/LIT_FBC1DDD86139179A.txt,2026-07-16T04:14:24Z,2026-07-16T04:14:24Z
LIT_FBF94DA058373640,,,cnt_section_rules_v7,skipped,no_available_fulltext,metadata_only,0,0,0,0,0,0,needs_fulltext_review,0,parse_status_skipped:no_available_fulltext,0,0,[],,,2026-07-16T04:25:09Z,2026-07-16T04:25:09Z
LIT_FE82BF8DB86FE9C1,,,cnt_section_rules_v7,skipped,no_available_fulltext,metadata_only,0,0,0,0,0,0,needs_fulltext_review,0,parse_status_skipped:no_available_fulltext,0,0,[],,,2026-07-16T04:24:29Z,2026-07-16T04:24:29Z
LIT_FED9C6063C6C12CA,FT_5552AD3B39242E0B0C16,714c42c1b2ca536c0bfcc2292a2f6b0b9bf569759d1d99824ff097bba392f51b,cnt_section_rules_v5,success,,metadata_only,0,0,0,0,0,0,needs_fulltext_review,0,,19,27,"[""page_1_two_column_reading_order""]",data/raw/fulltext/text/LIT_FED9C6063C6C12CA.txt,data/interim/parsed_text/LIT_FED9C6063C6C12CA.txt,2026-07-15T07:30:16Z,2026-07-15T07:34:54Z
P001_Dubey_2012_FeMo_MgO_tMWCNT,FT_B02CE4579CC113812774,6e9cdd4406f7d8c71631e6ba62b01b35309c34654d3fbf37447c05c03b94c0eb,cnt_section_rules_v6,success,,good,10,41586,0,1,1,0,candidate_extract,1,fulltext_cnt_identity+experimental_section+multi_type_experimental_evidence,20,136,"[""page_2_two_column_reading_order"", ""page_4_two_column_reading_order"", ""page_6_two_column_reading_order"", ""page_9_two_column_reading_order"", ""page_10_two_column_reading_order""]",data/raw/fulltext/text/P001_Dubey_2012_FeMo_MgO_tMWCNT.txt,data/interim/parsed_text/P001_Dubey_2012_FeMo_MgO_tMWCNT.txt,2026-07-15T07:24:53Z,2026-07-16T02:21:44Z
P002_Chotmunkhongsin_2023_FeMo_MgO_H2_MWCNT,FT_BFF0A9CB11B9C782EF5B,4eb86a0991b916e259a6e7e7b00d7575e61274c5a2a6b40da91fe25f859d34fe,cnt_section_rules_v6,success,,good,17,43368,7,1,1,0,candidate_extract,1,fulltext_cnt_identity+experimental_section+multi_type_experimental_evidence,44,170,"[""page_1_scientific_reports_abstract_and_introduction_inferred""]",data/raw/fulltext/text/P002_Chotmunkhongsin_2023_FeMo_MgO_H2_MWCNT.txt,data/interim/parsed_text/P002_Chotmunkhongsin_2023_FeMo_MgO_H2_MWCNT.txt,2026-07-15T07:30:18Z,2026-07-16T02:21:46Z
P003_Pan_2025_FeMo_MgO_Methane_CNT,FT_C98C609B9C8A28FC42EF,064eb3de44b04aaea9de96d60dce730c545b28150888824c4407c32de384bb62,cnt_section_rules_v6,success,,partial,7,27853,1,0,1,0,candidate_extract,1,fulltext_cnt_identity+experimental_section+multi_type_experimental_evidence,15,109,[],data/raw/fulltext/text/P003_Pan_2025_FeMo_MgO_Methane_CNT.txt,data/interim/parsed_text/P003_Pan_2025_FeMo_MgO_Methane_CNT.txt,2026-07-15T07:30:19Z,2026-07-16T02:21:48Z
P004_Saconsint_2022_Multimetal_MgO_Biogas_CNT,FT_0FA5FA6609A7C1613758,b8c91dc2e5d2145553bd05cb14326cd493a2fad57daa86110864f4c2c529943c,cnt_section_rules_v6,success,,good,17,52964,10,1,1,0,candidate_extract,1,fulltext_cnt_identity+experimental_section+multi_type_experimental_evidence,43,212,"[""page_1_scientific_reports_abstract_and_introduction_inferred""]",data/raw/fulltext/text/P004_Saconsint_2022_Multimetal_MgO_Biogas_CNT.txt,data/interim/parsed_text/P004_Saconsint_2022_Multimetal_MgO_Biogas_CNT.txt,2026-07-15T07:30:20Z,2026-07-16T02:21:49Z
P005_Saconsint_2023_NiMo_Carbide_Biogas_CNT,FT_079B7A9ACB22556E585F,24784de4ec30ba595906818cf304c7c9f9c0cf2412bc6365a7c280738d7ddc92,cnt_section_rules_v6,success,,good,18,56330,13,1,1,0,candidate_extract,1,fulltext_cnt_identity+experimental_section+multi_type_experimental_evidence,43,210,"[""page_1_scientific_reports_abstract_and_introduction_inferred""]",data/raw/fulltext/text/P005_Saconsint_2023_NiMo_Carbide_Biogas_CNT.txt,data/interim/parsed_text/P005_Saconsint_2023_NiMo_Carbide_Biogas_CNT.txt,2026-07-15T07:30:24Z,2026-07-16T02:21:54Z
P006_Saetang_2024_NiMo_MgO_Biogas_CNT,FT_D278DF7BA3D1CAD4A323,2ded82b09377b14fc6a464fd35b4eaa666d98ca2610ac9a0fbd7229e6e2742f2,cnt_section_rules_v6,success,,good,20,61141,12,1,1,0,candidate_extract,1,fulltext_cnt_identity+experimental_section+multi_type_experimental_evidence,52,251,"[""page_1_scientific_reports_abstract_and_introduction_inferred""]",data/raw/fulltext/text/P006_Saetang_2024_NiMo_MgO_Biogas_CNT.txt,data/interim/parsed_text/P006_Saetang_2024_NiMo_MgO_Biogas_CNT.txt,2026-07-15T07:30:29Z,2026-07-16T02:22:00Z
